Date,Price
2010-01-01,100.0
2010-01-04,99.2082
2010-01-05,98.625
2010-01-06,99.367
2010-01-07,100.055
2010-01-08,101.6866
2010-01-11,103.6852
2010-01-12,104.0713
2010-01-13,104.643
2010-01-14,104.2193
2010-01-15,103.8354
2010-01-18,101.3339
2010-01-19,99.9696
2010-01-20,98.6458
2010-01-21,98.9372
2010-01-22,98.5611
2010-01-25,100.8711
2010-01-26,103.2
2010-01-27,104.3501
2010-01-28,105.533
2010-01-29,107.0095
2010-02-01,106.8838
2010-02-02,106.7807
2010-02-03,105.5465
2010-02-04,105.0707
2010-02-05,106.5184
2010-02-08,106.7033
2010-02-09,106.2442
2010-02-10,105.8709
2010-02-11,106.0183
2010-02-12,107.4813
2010-02-15,105.803
2010-02-16,105.4652
2010-02-17,106.5703
2010-02-18,104.7396
2010-02-19,106.4151
2010-02-22,105.3619
2010-02-23,106.2199
2010-02-24,106.3406
2010-02-25,106.8043
2010-02-26,105.2609
2010-03-01,105.4235
2010-03-02,104.98
2010-03-03,106.5021
2010-03-04,105.8213
2010-03-05,105.8169
2010-03-08,105.4577
2010-03-09,105.9607
2010-03-10,107.4992
2010-03-11,107.5309
2010-03-12,108.1164
2010-03-15,106.7895
2010-03-16,106.8862
2010-03-17,105.3404
2010-03-18,104.2173
2010-03-19,105.7869
2010-03-22,105.6969
2010-03-23,104.8996
2010-03-24,104.9275
2010-03-25,103.1787
2010-03-26,105.3262
2010-03-29,104.715
2010-03-30,105.0449
2010-03-31,104.7174
2010-04-01,104.6442
2010-04-02,103.3768
2010-04-05,102.9826
2010-04-06,103.8222
2010-04-07,103.0431
2010-04-08,102.8858
2010-04-09,105.1353
2010-04-12,105.2473
2010-04-13,104.1433
2010-04-14,105.5943
2010-04-15,106.6869
2010-04-16,107.8196
2010-04-19,108.2078
2010-04-20,108.5422
2010-04-21,110.3576
2010-04-22,110.0407
2010-04-23,111.3859
2010-04-26,111.8078
2010-04-27,112.9006
2010-04-28,113.009
2010-04-29,112.6854
2010-04-30,111.6509
2010-05-03,110.5076
2010-05-04,112.0223
2010-05-05,110.9716
2010-05-06,111.7168
2010-05-07,111.3444
2010-05-10,110.3304
2010-05-11,111.7905
2010-05-12,113.9533
2010-05-13,111.3516
2010-05-14,111.5352
2010-05-17,112.3845
2010-05-18,112.5079
2010-05-19,115.6549
2010-05-20,118.8373
2010-05-21,119.4151
2010-05-24,118.3666
2010-05-25,117.1663
2010-05-26,114.3104
2010-05-27,115.9327
2010-05-28,114.6213
2010-05-31,115.5826
2010-06-01,116.6551
2010-06-02,116.006
2010-06-03,114.9188
2010-06-04,114.832
2010-06-07,114.5147
2010-06-08,116.007
2010-06-09,119.0022
2010-06-10,119.5169
2010-06-11,120.8777
2010-06-14,119.2149
2010-06-15,121.4341
2010-06-16,125.195
2010-06-17,126.1799
2010-06-18,124.9759
2010-06-21,124.7791
2010-06-22,123.3061
2010-06-23,121.9976
2010-06-24,121.0101
2010-06-25,122.7559
2010-06-28,121.9661
2010-06-29,122.3583
2010-06-30,121.3989
2010-07-01,121.1003
2010-07-02,118.9195
2010-07-05,117.3945
2010-07-06,117.9443
2010-07-07,118.2468
2010-07-08,119.0898
2010-07-09,121.0823
2010-07-12,124.5945
2010-07-13,124.5711
2010-07-14,122.6506
2010-07-15,122.879
2010-07-16,125.6139
2010-07-19,124.549
2010-07-20,123.4726
2010-07-21,123.2967
2010-07-22,123.8296
2010-07-23,125.5496
2010-07-26,126.8947
2010-07-27,127.8302
2010-07-28,124.2835
2010-07-29,124.1172
2010-07-30,122.6509
2010-08-02,122.4761
2010-08-03,121.6604
2010-08-04,121.5246
2010-08-05,122.7815
2010-08-06,122.5564
2010-08-09,120.0119
2010-08-10,120.9562
2010-08-11,119.7838
2010-08-12,119.3158
2010-08-13,118.8839
2010-08-16,117.2534
2010-08-17,114.9101
2010-08-18,115.0249
2010-08-19,116.0707
2010-08-20,117.3222
2010-08-23,113.2086
2010-08-24,112.6872
2010-08-25,113.6947
2010-08-26,116.4675
2010-08-27,118.0766
2010-08-30,116.3209
2010-08-31,115.6744
2010-09-01,117.3152
2010-09-02,116.2021
2010-09-03,113.1304
2010-09-06,112.5086
2010-09-07,112.5126
2010-09-08,113.0991
2010-09-09,112.3739
2010-09-10,113.4395
2010-09-13,113.0082
2010-09-14,113.8051
2010-09-15,113.8716
2010-09-16,111.3971
2010-09-17,108.9251
2010-09-20,106.4581
2010-09-21,106.9311
2010-09-22,106.9891
2010-09-23,105.6639
2010-09-24,106.4116
2010-09-27,105.0718
2010-09-28,102.7945
2010-09-29,102.94
2010-09-30,104.2996
2010-10-01,105.1659
2010-10-04,104.112
2010-10-05,101.9503
2010-10-06,101.8847
2010-10-07,103.6976
2010-10-08,104.9393
2010-10-11,105.5908
2010-10-12,104.4659
2010-10-13,103.0133
2010-10-14,103.875
2010-10-15,102.0921
2010-10-18,104.5108
2010-10-19,105.6701
2010-10-20,104.5263
2010-10-21,104.4002
2010-10-22,102.4147
2010-10-25,102.0221
2010-10-26,103.5674
2010-10-27,105.8728
2010-10-28,106.7561
2010-10-29,103.7374
2010-11-01,104.3525
2010-11-02,104.9791
2010-11-03,104.4589
2010-11-04,105.6085
2010-11-05,104.1238
2010-11-08,104.968
2010-11-09,104.8314
2010-11-10,105.4865
2010-11-11,108.4603
2010-11-12,108.9211
2010-11-15,108.3107
2010-11-16,107.1276
2010-11-17,106.7858
2010-11-18,106.821
2010-11-19,106.1181
2010-11-22,108.5971
2010-11-23,109.3575
2010-11-24,108.8485
2010-11-25,110.703
2010-11-26,108.5031
2010-11-29,110.2341
2010-11-30,111.9139
2010-12-01,114.6835
2010-12-02,114.9619
2010-12-03,116.5286
2010-12-06,117.1997
2010-12-07,118.0832
2010-12-08,116.6815
2010-12-09,118.8006
2010-12-10,119.2988
2010-12-13,117.5089
2010-12-14,117.3737
2010-12-15,114.7286
2010-12-16,112.3224
2010-12-17,111.0555
2010-12-20,112.0325
2010-12-21,113.7885
2010-12-22,112.6117
2010-12-23,112.1338
2010-12-24,112.4029
2010-12-27,112.3246
2010-12-28,112.6002
2010-12-29,110.9697
2010-12-30,111.7102
2010-12-31,111.4416
2011-01-03,110.8426
2011-01-04,111.6944
2011-01-05,112.0524
2011-01-06,112.6821
2011-01-07,112.4478
2011-01-10,114.4527
2011-01-11,114.0129
2011-01-12,115.9116
2011-01-13,115.4983
2011-01-14,116.4506
2011-01-17,115.0338
2011-01-18,112.4628
2011-01-19,113.7729
2011-01-20,113.2092
2011-01-21,114.3163
2011-01-24,116.2216
2011-01-25,115.1898
2011-01-26,114.3599
2011-01-27,114.5609
2011-01-28,114.2371
2011-01-31,114.3963
2011-02-01,115.6754
2011-02-02,114.3538
2011-02-03,114.2268
2011-02-04,115.9448
2011-02-07,117.2404
2011-02-08,118.5971
2011-02-09,117.6939
2011-02-10,117.9225
2011-02-11,118.7196
2011-02-14,119.4107
2011-02-15,118.5646
2011-02-16,120.1902
2011-02-17,121.2827
2011-02-18,119.7067
2011-02-21,120.7939
2011-02-22,122.8464
2011-02-23,122.3245
2011-02-24,122.215
2011-02-25,124.2958
2011-02-28,122.1288
2011-03-01,120.0314
2011-03-02,121.1208
2011-03-03,120.6277
2011-03-04,118.2424
2011-03-07,115.706
2011-03-08,116.3883
2011-03-09,118.736
2011-03-10,117.8529
2011-03-11,116.8881
2011-03-14,116.2173
2011-03-15,115.5395
2011-03-16,116.8292
2011-03-17,113.8456
2011-03-18,114.2229
2011-03-21,116.735
2011-03-22,117.742
2011-03-23,117.6026
2011-03-24,118.1874
2011-03-25,119.7226
2011-03-28,118.803
2011-03-29,116.6226
2011-03-30,117.2952
2011-03-31,118.1311
2011-04-01,117.024
2011-04-04,117.413
2011-04-05,116.1792
2011-04-06,118.8746
2011-04-07,117.162
2011-04-08,117.2356
2011-04-11,118.0612
2011-04-12,117.952
2011-04-13,117.6104
2011-04-14,121.5889
2011-04-15,122.9839
2011-04-18,119.2222
2011-04-19,120.8781
2011-04-20,121.5292
2011-04-21,120.3878
2011-04-22,116.7832
2011-04-25,118.1429
2011-04-26,120.481
2011-04-27,118.7097
2011-04-28,117.7671
2011-04-29,117.9966
2011-05-02,118.285
2011-05-03,118.5771
2011-05-04,118.9087
2011-05-05,117.632
2011-05-06,117.2982
2011-05-09,116.0899
2011-05-10,116.8942
2011-05-11,117.1387
2011-05-12,118.4105
2011-05-13,117.6162
2011-05-16,115.5651
2011-05-17,114.0076
2011-05-18,113.6486
2011-05-19,112.884
2011-05-20,115.2498
2011-05-23,115.05
2011-05-24,114.7296
2011-05-25,114.6542
2011-05-26,112.8806
2011-05-27,112.1268
2011-05-30,112.498
2011-05-31,114.48
2011-06-01,113.9208
2011-06-02,112.7294
2011-06-03,111.5437
2011-06-06,110.0844
2011-06-07,110.5058
2011-06-08,108.0857
2011-06-09,109.9678
2011-06-10,107.5105
2011-06-13,107.8054
2011-06-14,109.6239
2011-06-15,109.9546
2011-06-16,110.1319
2011-06-17,110.9235
2011-06-20,110.1461
2011-06-21,108.5701
2011-06-22,108.6119
2011-06-23,108.3246
2011-06-24,106.5004
2011-06-27,107.568
2011-06-28,108.4136
2011-06-29,107.0095
2011-06-30,104.0729
2011-07-01,103.7771
2011-07-04,104.8074
2011-07-05,104.9154
2011-07-06,104.8795
2011-07-07,104.269
2011-07-08,104.4797
2011-07-11,105.8668
2011-07-12,105.0466
2011-07-13,103.2162
2011-07-14,103.8477
2011-07-15,102.119
2011-07-18,99.7301
2011-07-19,100.7793
2011-07-20,101.2446
2011-07-21,99.6079
2011-07-22,100.7536
2011-07-25,100.2196
2011-07-26,102.0849
2011-07-27,100.484
2011-07-28,99.5702
2011-07-29,99.2145
2011-08-01,98.7684
2011-08-02,98.7737
2011-08-03,99.4691
2011-08-04,99.0199
2011-08-05,101.902
2011-08-08,102.0024
2011-08-09,101.791
2011-08-10,101.0329
2011-08-11,103.7855
2011-08-12,103.7173
2011-08-15,102.8523
2011-08-16,101.7744
2011-08-17,101.3291
2011-08-18,100.6736
2011-08-19,97.334
2011-08-22,97.1246
2011-08-23,97.5119
2011-08-24,98.3052
2011-08-25,100.186
2011-08-26,102.7927
2011-08-29,105.6834
2011-08-30,106.306
2011-08-31,104.468
2011-09-01,105.6855
2011-09-02,106.1442
2011-09-05,106.5657
2011-09-06,104.8968
2011-09-07,103.0822
2011-09-08,103.0533
2011-09-09,102.9661
2011-09-12,103.7826
2011-09-13,102.9217
2011-09-14,104.3654
2011-09-15,104.5681
2011-09-16,104.265
2011-09-19,102.452
2011-09-20,103.4052
2011-09-21,102.5126
2011-09-22,101.6697
2011-09-23,101.1125
2011-09-26,105.0233
2011-09-27,105.5717
2011-09-28,105.4543
2011-09-29,107.1032
2011-09-30,110.6663
2011-10-03,111.9541
2011-10-04,113.673
2011-10-05,112.4245
2011-10-06,113.5802
2011-10-07,113.3012
2011-10-10,114.6452
2011-10-11,112.2637
2011-10-12,114.4902
2011-10-13,111.8149
2011-10-14,111.6777
2011-10-17,112.0074
2011-10-18,111.5403
2011-10-19,112.2225
2011-10-20,112.2906
2011-10-21,112.5016
2011-10-24,111.1882
2011-10-25,110.2857
2011-10-26,108.4693
2011-10-27,106.9427
2011-10-28,111.4054
2011-10-31,111.3181
2011-11-01,110.6849
2011-11-02,107.7101
2011-11-03,106.924
2011-11-04,105.8873
2011-11-07,106.162
2011-11-08,106.9601
2011-11-09,107.3791
2011-11-10,104.7494
2011-11-11,106.9927
2011-11-14,109.4627
2011-11-15,108.1391
2011-11-16,108.0955
2011-11-17,110.0841
2011-11-18,107.9247
2011-11-21,104.8047
2011-11-22,102.5214
2011-11-23,104.0881
2011-11-24,105.5108
2011-11-25,104.3195
2011-11-28,104.038
2011-11-29,103.5259
2011-11-30,102.3886
2011-12-01,102.7936
2011-12-02,105.4618
2011-12-05,104.1336
2011-12-06,104.3524
2011-12-07,106.0167
2011-12-08,104.3378
2011-12-09,105.0963
2011-12-12,106.7391
2011-12-13,104.9814
2011-12-14,107.0736
2011-12-15,109.3817
2011-12-16,112.3826
2011-12-19,113.4096
2011-12-20,112.648
2011-12-21,113.1718
2011-12-22,112.8011
2011-12-23,113.5381
2011-12-26,114.139
2011-12-27,111.2427
2011-12-28,111.5676
2011-12-29,111.3502
2011-12-30,111.3199
2012-01-02,109.3745
2012-01-03,107.5707
2012-01-04,107.5315
2012-01-05,109.6231
2012-01-06,107.7997
2012-01-09,105.5105
2012-01-10,107.3222
2012-01-11,107.4422
2012-01-12,109.6628
2012-01-13,108.1629
2012-01-16,109.1976
2012-01-17,110.8971
2012-01-18,109.6277
2012-01-19,109.8946
2012-01-20,109.6756
2012-01-23,106.9766
2012-01-24,104.9911
2012-01-25,102.5443
2012-01-26,103.3929
2012-01-27,102.7565
2012-01-30,101.9875
2012-01-31,100.9289
2012-02-01,102.02
2012-02-02,100.6661
2012-02-03,102.4863
2012-02-06,103.616
2012-02-07,102.6935
2012-02-08,100.4438
2012-02-09,100.7225
2012-02-10,102.6626
2012-02-13,100.068
2012-02-14,99.4094
2012-02-15,96.4229
2012-02-16,94.2729
2012-02-17,97.9272
2012-02-20,96.1078
2012-02-21,97.1305
2012-02-22,95.7959
2012-02-23,92.3841
2012-02-24,91.8124
2012-02-27,91.9498
2012-02-28,91.0079
2012-02-29,90.249
2012-03-01,89.0662
2012-03-02,90.3156
2012-03-05,91.1503
2012-03-06,92.5866
2012-03-07,92.9429
2012-03-08,92.9175
2012-03-09,91.2743
2012-03-12,91.5
2012-03-13,89.9849
2012-03-14,88.6485
2012-03-15,88.8219
2012-03-16,87.8346
2012-03-19,86.0041
2012-03-20,85.8192
2012-03-21,85.1203
2012-03-22,86.6372
2012-03-23,86.8109
2012-03-26,86.5073
2012-03-27,85.4451
2012-03-28,85.4429
2012-03-29,85.5722
2012-03-30,87.6977
2012-04-02,87.2769
2012-04-03,86.9676
2012-04-04,83.9106
2012-04-05,84.6707
2012-04-06,83.5848
2012-04-09,81.6226
2012-04-10,81.973
2012-04-11,83.2765
2012-04-12,81.0855
2012-04-13,81.2112
2012-04-16,80.3735
2012-04-17,80.8106
2012-04-18,80.2011
2012-04-19,81.4383
2012-04-20,82.6658
2012-04-23,82.3347
2012-04-24,83.3117
2012-04-25,85.0176
2012-04-26,82.1046
2012-04-27,81.8492
2012-04-30,80.7274
2012-05-01,82.0097
2012-05-02,80.5501
2012-05-03,81.6826
2012-05-04,81.5999
2012-05-07,81.2614
2012-05-08,80.2435
2012-05-09,78.7093
2012-05-10,78.2513
2012-05-11,78.5654
2012-05-14,76.204
2012-05-15,75.0123
2012-05-16,74.0742
2012-05-17,74.3238
2012-05-18,72.8911
2012-05-21,71.4938
2012-05-22,71.0214
2012-05-23,73.7769
2012-05-24,74.1002
2012-05-25,73.5168
2012-05-28,73.9891
2012-05-29,73.7211
2012-05-30,74.7082
2012-05-31,74.5672
2012-06-01,73.3857
2012-06-04,73.9404
2012-06-05,76.1502
2012-06-06,79.2744
2012-06-07,79.1995
2012-06-08,77.8329
2012-06-11,74.5918
2012-06-12,73.8227
2012-06-13,73.2061
2012-06-14,72.8685
2012-06-15,71.4037
2012-06-18,71.9954
2012-06-19,70.852
2012-06-20,70.6423
2012-06-21,70.1607
2012-06-22,69.6178
2012-06-25,69.7858
2012-06-26,67.5825
2012-06-27,68.1206
2012-06-28,68.7715
2012-06-29,67.8778
2012-07-02,68.1168
2012-07-03,68.2923
2012-07-04,67.2808
2012-07-05,66.595
2012-07-06,64.6908
2012-07-09,65.5837
2012-07-10,65.4692
2012-07-11,64.3881
2012-07-12,64.9751
2012-07-13,64.5627
2012-07-16,63.9525
2012-07-17,63.3568
2012-07-18,63.9676
2012-07-19,63.3667
2012-07-20,64.1313
2012-07-23,63.3844
2012-07-24,62.8423
2012-07-25,63.4562
2012-07-26,63.2695
2012-07-27,63.5913
2012-07-30,62.4149
2012-07-31,63.4485
2012-08-01,64.4916
2012-08-02,63.4741
2012-08-03,62.661
2012-08-06,61.618
2012-08-07,60.9685
2012-08-08,61.578
2012-08-09,61.8009
2012-08-10,60.3886
2012-08-13,61.2557
2012-08-14,61.3892
2012-08-15,62.3364
2012-08-16,62.5869
2012-08-17,63.0573
2012-08-20,62.313
2012-08-21,63.3224
2012-08-22,63.6435
2012-08-23,60.9223
2012-08-24,60.4269
2012-08-27,60.3135
2012-08-28,60.889
2012-08-29,60.9021
2012-08-30,61.503
2012-08-31,60.5337
2012-09-03,59.9049
2012-09-04,59.4367
2012-09-05,59.7556
2012-09-06,59.5194
2012-09-07,58.4446
2012-09-10,58.0348
2012-09-11,58.0724
2012-09-12,56.881
2012-09-13,56.5742
2012-09-14,55.9725
2012-09-17,56.3152
2012-09-18,55.8598
2012-09-19,55.5981
2012-09-20,55.5566
2012-09-21,55.61
2012-09-24,55.8037
2012-09-25,55.2845
2012-09-26,54.9055
2012-09-27,55.2851
2012-09-28,55.6385
2012-10-01,56.3038
2012-10-02,55.7298
2012-10-03,55.6198
2012-10-04,56.0542
2012-10-05,55.5557
2012-10-08,56.5198
2012-10-09,55.6112
2012-10-10,55.3399
2012-10-11,54.7988
2012-10-12,55.8586
2012-10-15,54.6433
2012-10-16,54.5912
2012-10-17,55.3256
2012-10-18,54.9079
2012-10-19,55.2414
2012-10-22,54.3549
2012-10-23,55.8754
2012-10-24,56.2321
2012-10-25,56.3191
2012-10-26,57.1854
2012-10-29,57.3919
2012-10-30,59.2752
2012-10-31,58.6018
2012-11-01,57.9778
2012-11-02,56.8479
2012-11-05,55.6544
2012-11-06,55.921
2012-11-07,56.4814
2012-11-08,56.2462
2012-11-09,56.81
2012-11-12,55.385
2012-11-13,55.1813
2012-11-14,56.1825
2012-11-15,55.9472
2012-11-16,58.6001
2012-11-19,59.7438
2012-11-20,58.4879
2012-11-21,58.2114
2012-11-22,57.4128
2012-11-23,56.0016
2012-11-26,56.2533
2012-11-27,57.1109
2012-11-28,56.7987
2012-11-29,57.1124
2012-11-30,58.2758
2012-12-03,58.6793
2012-12-04,58.712
2012-12-05,58.7614
2012-12-06,59.0081
2012-12-07,59.9176
2012-12-10,60.1925
2012-12-11,62.6092
2012-12-12,63.4466
2012-12-13,63.0307
2012-12-14,62.9546
2012-12-17,64.8065
2012-12-18,64.0303
2012-12-19,62.5605
2012-12-20,62.5285
2012-12-21,61.2968
2012-12-24,62.4649
2012-12-25,61.4761
2012-12-26,61.5562
2012-12-27,61.409
2012-12-28,59.2589
2012-12-31,60.6771
2013-01-01,60.96
2013-01-02,60.9664
2013-01-03,61.7669
2013-01-04,60.1796
2013-01-07,60.5571
2013-01-08,59.3865
2013-01-09,57.9457
2013-01-10,57.4678
2013-01-11,57.2469
2013-01-14,58.9876
2013-01-15,59.4783
2013-01-16,59.2864
2013-01-17,59.4638
2013-01-18,61.1278
2013-01-21,60.9215
2013-01-22,59.4604
2013-01-23,59.4268
2013-01-24,60.5234
2013-01-25,62.5546
2013-01-28,63.5001
2013-01-29,63.0089
2013-01-30,63.004
2013-01-31,61.4066
2013-02-01,60.2695
2013-02-04,61.1336
2013-02-05,60.3232
2013-02-06,62.1282
2013-02-07,61.5196
2013-02-08,60.95
2013-02-11,61.1156
2013-02-12,61.4265
2013-02-13,60.6564
2013-02-14,59.1743
2013-02-15,61.1142
2013-02-18,61.4137
2013-02-19,64.5064
2013-02-20,65.325
2013-02-21,66.7997
2013-02-22,65.858
2013-02-25,65.3422
2013-02-26,65.3433
2013-02-27,65.0064
2013-02-28,64.6815
2013-03-01,64.3381
2013-03-04,64.1829
2013-03-05,64.7406
2013-03-06,63.5727
2013-03-07,63.1944
2013-03-08,64.2062
2013-03-11,65.1903
2013-03-12,64.2768
2013-03-13,65.9887
2013-03-14,67.496
2013-03-15,67.1445
2013-03-18,68.3397
2013-03-19,67.025
2013-03-20,67.6433
2013-03-21,65.897
2013-03-22,66.6174
2013-03-25,66.113
2013-03-26,66.7086
2013-03-27,67.4727
2013-03-28,66.9634
2013-03-29,65.8114
2013-04-01,66.3173
2013-04-02,64.8391
2013-04-03,65.3808
2013-04-04,65.0618
2013-04-05,64.0551
2013-04-08,62.8271
2013-04-09,62.2431
2013-04-10,62.897
2013-04-11,61.6621
2013-04-12,62.1056
2013-04-15,62.9298
2013-04-16,61.8364
2013-04-17,61.8793
2013-04-18,60.7639
2013-04-19,61.4908
2013-04-22,62.0828
2013-04-23,62.0079
2013-04-24,62.6597
2013-04-25,61.7931
2013-04-26,63.8739
2013-04-29,63.9228
2013-04-30,65.7127
2013-05-01,66.0797
2013-05-02,64.5731
2013-05-03,65.6782
2013-05-06,64.1499
2013-05-07,62.5208
2013-05-08,62.6432
2013-05-09,63.0508
2013-05-10,63.7261
2013-05-13,65.0017
2013-05-14,64.8826
2013-05-15,64.9582
2013-05-16,64.1426
2013-05-17,65.3456
2013-05-20,68.2841
2013-05-21,68.2982
2013-05-22,68.8078
2013-05-23,66.6859
2013-05-24,67.1266
2013-05-27,66.2259
2013-05-28,67.2925
2013-05-29,67.1227
2013-05-30,69.3786
2013-05-31,70.347
2013-06-03,69.3783
2013-06-04,69.1472
2013-06-05,68.5415
2013-06-06,70.4451
2013-06-07,71.3444
2013-06-10,71.4207
2013-06-11,70.2182
2013-06-12,71.0688
2013-06-13,70.1659
2013-06-14,69.9241
2013-06-17,70.4574
2013-06-18,69.5415
2013-06-19,70.4996
2013-06-20,71.0181
2013-06-21,71.1341
2013-06-24,70.8927
2013-06-25,69.1874
2013-06-26,69.1891
2013-06-27,67.293
2013-06-28,67.442
2013-07-01,68.7659
2013-07-02,68.0429
2013-07-03,67.8921
2013-07-04,66.841
2013-07-05,68.0387
2013-07-08,68.659
2013-07-09,71.1374
2013-07-10,71.2325
2013-07-11,71.4469
2013-07-12,72.2665
2013-07-15,70.027
2013-07-16,68.8913
2013-07-17,66.2291
2013-07-18,64.9
2013-07-19,62.7795
2013-07-22,63.7438
2013-07-23,63.1416
2013-07-24,64.7215
2013-07-25,65.8612
2013-07-26,66.9874
2013-07-29,65.9355
2013-07-30,66.2741
2013-07-31,65.1281
2013-08-01,64.9031
2013-08-02,66.2602
2013-08-05,67.1471
2013-08-06,68.1892
2013-08-07,68.7109
2013-08-08,68.1146
2013-08-09,66.4328
2013-08-12,66.816
2013-08-13,67.1361
2013-08-14,65.4549
2013-08-15,65.688
2013-08-16,65.426
2013-08-19,65.9413
2013-08-20,67.5583
2013-08-21,68.2262
2013-08-22,68.893
2013-08-23,68.8327
2013-08-26,67.7035
2013-08-27,66.4987
2013-08-28,66.2349
2013-08-29,67.2109
2013-08-30,66.0384
2013-09-02,66.0156
2013-09-03,66.9078
2013-09-04,66.775
2013-09-05,68.2811
2013-09-06,69.1805
2013-09-09,70.443
2013-09-10,70.4862
2013-09-11,70.6886
2013-09-12,71.5323
2013-09-13,69.9919
2013-09-16,71.7735
2013-09-17,72.9009
2013-09-18,70.7057
2013-09-19,71.5676
2013-09-20,73.3018
2013-09-23,72.0544
2013-09-24,72.1484
2013-09-25,72.8405
2013-09-26,72.3145
2013-09-27,71.6619
2013-09-30,72.2132
2013-10-01,74.1521
2013-10-02,75.3477
2013-10-03,77.5596
2013-10-04,77.2262
2013-10-07,75.9681
2013-10-08,76.8469
2013-10-09,74.9861
2013-10-10,74.1205
2013-10-11,74.2934
2013-10-14,74.8275
2013-10-15,73.3502
2013-10-16,72.0606
2013-10-17,71.561
2013-10-18,72.1049
2013-10-21,72.6175
2013-10-22,70.8622
2013-10-23,72.2149
2013-10-24,73.2733
2013-10-25,71.1189
2013-10-28,74.493
2013-10-29,73.9245
2013-10-30,75.1789
2013-10-31,74.3327
2013-11-01,74.4186
2013-11-04,75.1687
2013-11-05,75.8824
2013-11-06,77.1997
2013-11-07,77.2426
2013-11-08,78.2755
2013-11-11,79.5602
2013-11-12,80.1707
2013-11-13,81.1829
2013-11-14,82.6809
2013-11-15,81.3359
2013-11-18,80.9782
2013-11-19,81.9515
2013-11-20,81.7769
2013-11-21,79.8742
2013-11-22,79.2718
2013-11-25,79.2873
2013-11-26,79.976
2013-11-27,78.4192
2013-11-28,79.434
2013-11-29,80.2884
2013-12-02,81.2385
2013-12-03,81.9262
2013-12-04,84.0989
2013-12-05,82.3115
2013-12-06,80.9415
2013-12-09,80.7244
2013-12-10,78.9152
2013-12-11,78.5835
2013-12-12,81.3207
2013-12-13,83.153
2013-12-16,80.4791
2013-12-17,81.7076
2013-12-18,82.1319
2013-12-19,81.0862
2013-12-20,81.0814
2013-12-23,82.3792
2013-12-24,81.3749
2013-12-25,82.2631
2013-12-26,82.8907
2013-12-27,80.0392
2013-12-30,78.1522
2013-12-31,76.1721
2014-01-01,77.0305
2014-01-02,77.7763
2014-01-03,78.5769
2014-01-06,78.6699
2014-01-07,77.9499
2014-01-08,77.9624
2014-01-09,76.4181
2014-01-10,75.1597
2014-01-13,75.3908
2014-01-14,75.3122
2014-01-15,74.6836
2014-01-16,76.5611
2014-01-17,77.3198
2014-01-20,77.8451
2014-01-21,78.4836
2014-01-22,79.6327
2014-01-23,78.1227
2014-01-24,78.8518
2014-01-27,78.6526
2014-01-28,79.3842
2014-01-29,82.1568
2014-01-30,81.5317
2014-01-31,84.3148
2014-02-03,84.5651
2014-02-04,84.1422
2014-02-05,82.4168
2014-02-06,80.5741
2014-02-07,80.1577
2014-02-10,80.652
2014-02-11,79.9218
2014-02-12,78.1113
2014-02-13,79.5514
2014-02-14,81.0572
2014-02-17,82.5056
2014-02-18,83.3351
2014-02-19,82.4091
2014-02-20,83.2173
2014-02-21,82.3825
2014-02-24,82.6956
2014-02-25,82.7044
2014-02-26,81.6951
2014-02-27,80.7339
2014-02-28,81.7504
2014-03-03,78.8766
2014-03-04,80.8453
2014-03-05,82.1282
2014-03-06,82.7943
2014-03-07,81.5839
2014-03-10,79.8955
2014-03-11,76.3839
2014-03-12,76.6775
2014-03-13,74.9477
2014-03-14,77.9254
2014-03-17,80.3152
2014-03-18,82.553
2014-03-19,81.9393
2014-03-20,79.4561
2014-03-21,80.4905
2014-03-24,80.2548
2014-03-25,79.3656
2014-03-26,78.4184
2014-03-27,78.0684
2014-03-28,77.7665
2014-03-31,77.5246
2014-04-01,77.7253
2014-04-02,78.691
2014-04-03,78.6303
2014-04-04,77.8598
2014-04-07,78.4085
2014-04-08,78.4834
2014-04-09,79.7523
2014-04-10,80.4225
2014-04-11,81.3376
2014-04-14,81.5519
2014-04-15,81.6954
2014-04-16,81.2182
2014-04-17,82.9891
2014-04-18,82.1998
2014-04-21,83.1443
2014-04-22,80.1089
2014-04-23,79.0721
2014-04-24,80.8366
2014-04-25,79.1382
2014-04-28,79.673
2014-04-29,76.1192
2014-04-30,77.0605
2014-05-01,78.3229
2014-05-02,75.9212
2014-05-05,76.2099
2014-05-06,76.1186
2014-05-07,77.9483
2014-05-08,76.6858
2014-05-09,75.8019
2014-05-12,74.467
2014-05-13,77.2942
2014-05-14,76.4437
2014-05-15,76.6868
2014-05-16,76.3071
2014-05-19,76.322
2014-05-20,76.6284
2014-05-21,75.6229
2014-05-22,74.5602
2014-05-23,74.2536
2014-05-26,76.1991
2014-05-27,77.512
2014-05-28,75.8087
2014-05-29,75.1006
2014-05-30,77.1857
2014-06-02,80.5669
2014-06-03,79.6986
2014-06-04,78.1206
2014-06-05,78.4023
2014-06-06,78.5226
2014-06-09,79.3002
2014-06-10,79.6101
2014-06-11,80.7137
2014-06-12,81.3477
2014-06-13,81.3497
2014-06-16,81.5985
2014-06-17,82.0277
2014-06-18,82.7411
2014-06-19,83.1721
2014-06-20,82.9565
2014-06-23,84.9253
2014-06-24,83.8787
2014-06-25,84.6571
2014-06-26,84.1813
2014-06-27,85.3385
2014-06-30,85.6132
2014-07-01,84.6308
2014-07-02,83.5744
2014-07-03,84.3153
2014-07-04,84.6736
2014-07-07,84.0491
2014-07-08,82.6525
2014-07-09,80.1455
2014-07-10,80.0741
2014-07-11,80.7737
2014-07-14,79.8065
2014-07-15,79.6446
2014-07-16,80.5357
2014-07-17,80.2606
2014-07-18,83.6243
2014-07-21,81.6125
2014-07-22,82.3306
2014-07-23,84.8913
2014-07-24,84.5366
2014-07-25,85.2682
2014-07-28,84.8143
2014-07-29,87.3111
2014-07-30,87.4413
2014-07-31,91.6628
2014-08-01,92.1797
2014-08-04,91.1867
2014-08-05,90.3312
2014-08-06,90.2199
2014-08-07,87.4647
2014-08-08,86.5675
2014-08-11,87.2614
2014-08-12,86.8415
2014-08-13,85.064
2014-08-14,84.7953
2014-08-15,85.3958
2014-08-18,85.5562
2014-08-19,83.739
2014-08-20,84.3737
2014-08-21,81.7469
2014-08-22,84.6768
2014-08-25,82.9736
2014-08-26,83.3775
2014-08-27,81.4974
2014-08-28,81.6678
2014-08-29,83.1279
2014-09-01,83.9796
2014-09-02,85.6854
2014-09-03,86.3801
2014-09-04,86.1242
2014-09-05,86.6437
2014-09-08,86.7118
2014-09-09,91.2211
2014-09-10,91.7638
2014-09-11,93.912
2014-09-12,92.262
2014-09-15,92.6548
2014-09-16,93.934
2014-09-17,94.6408
2014-09-18,91.5428
2014-09-19,91.573
2014-09-22,92.264
2014-09-23,94.2867
2014-09-24,96.3624
2014-09-25,95.5571
2014-09-26,94.1806
2014-09-29,96.0702
2014-09-30,92.607
2014-10-01,93.9124
2014-10-02,91.3134
2014-10-03,90.5727
2014-10-06,90.0902
2014-10-07,91.51
2014-10-08,90.8372
2014-10-09,91.7987
2014-10-10,92.3878
2014-10-13,92.9784
2014-10-14,95.1234
2014-10-15,96.0815
2014-10-16,94.9979
2014-10-17,94.6457
2014-10-20,93.4256
2014-10-21,91.5996
2014-10-22,92.7162
2014-10-23,93.4384
2014-10-24,95.4027
2014-10-27,99.2845
2014-10-28,97.8736
2014-10-29,99.383
2014-10-30,97.7031
2014-10-31,98.9054
2014-11-03,101.0967
2014-11-04,99.628
2014-11-05,102.2026
2014-11-06,101.5456
2014-11-07,102.6794
2014-11-10,105.1753
2014-11-11,103.3863
2014-11-12,102.5622
2014-11-13,103.9664
2014-11-14,100.6288
2014-11-17,97.8163
2014-11-18,97.4081
2014-11-19,97.9367
2014-11-20,98.8949
2014-11-21,99.4788
2014-11-24,100.2988
2014-11-25,100.1047
2014-11-26,100.6059
2014-11-27,98.9602
2014-11-28,98.6618
2014-12-01,100.4436
2014-12-02,100.2534
2014-12-03,99.8814
2014-12-04,101.4317
2014-12-05,101.1185
2014-12-08,99.8843
2014-12-09,98.7308
2014-12-10,100.5184
2014-12-11,99.4818
2014-12-12,98.9661
2014-12-15,102.3224
2014-12-16,100.5197
2014-12-17,98.3969
2014-12-18,98.7662
2014-12-19,100.6973
2014-12-22,100.1493
2014-12-23,99.7146
2014-12-24,99.0476
2014-12-25,101.4653
2014-12-26,102.0817
2014-12-29,99.9392
2014-12-30,99.0502
2014-12-31,97.5067
2015-01-01,96.4137
2015-01-02,96.716
2015-01-05,94.6504
2015-01-06,95.8247
2015-01-07,95.4694
2015-01-08,95.9163
2015-01-09,92.9536
2015-01-12,93.2847
2015-01-13,94.6877
2015-01-14,95.5275
2015-01-15,94.4857
2015-01-16,93.1024
2015-01-19,94.3525
2015-01-20,97.9222
2015-01-21,95.7177
2015-01-22,97.7429
2015-01-23,96.2835
2015-01-26,95.8372
2015-01-27,96.3102
2015-01-28,96.0493
2015-01-29,95.3697
2015-01-30,93.3688
2015-02-02,92.8263
2015-02-03,95.0417
2015-02-04,96.231
2015-02-05,96.9599
2015-02-06,98.2529
2015-02-09,98.2054
2015-02-10,96.3812
2015-02-11,98.7643
2015-02-12,100.4029
2015-02-13,101.6771
2015-02-16,103.803
2015-02-17,104.8282
2015-02-18,108.8076
2015-02-19,107.4737
2015-02-20,105.9699
2015-02-23,108.1716
2015-02-24,107.6692
2015-02-25,109.9961
2015-02-26,107.786
2015-02-27,110.7609
2015-03-02,112.3846
2015-03-03,108.315
2015-03-04,109.7556
2015-03-05,109.464
2015-03-06,109.9373
2015-03-09,111.2357
2015-03-10,112.9094
2015-03-11,116.8832
2015-03-12,113.2023
2015-03-13,115.3826
2015-03-16,118.3623
2015-03-17,118.0766
2015-03-18,120.5215
2015-03-19,118.2904
2015-03-20,115.4981
2015-03-23,114.1747
2015-03-24,115.2915
2015-03-25,115.5371
2015-03-26,118.589
2015-03-27,119.7632
2015-03-30,116.4542
2015-03-31,116.4093
2015-04-01,114.2666
2015-04-02,118.0691
2015-04-03,119.1584
2015-04-06,120.682
2015-04-07,119.6672
2015-04-08,118.2634
2015-04-09,119.8419
2015-04-10,125.0272
2015-04-13,129.5203
2015-04-14,135.7446
2015-04-15,137.3222
2015-04-16,136.3603
2015-04-17,137.574
2015-04-20,136.4566
2015-04-21,133.5014
2015-04-22,133.0065
2015-04-23,135.553
2015-04-24,132.784
2015-04-27,130.7242
2015-04-28,131.9164
2015-04-29,129.2698
2015-04-30,127.1684
2015-05-01,129.0736
2015-05-04,130.5304
2015-05-05,134.6208
2015-05-06,137.9704
2015-05-07,137.6767
2015-05-08,141.5809
2015-05-11,141.5853
2015-05-12,142.2574
2015-05-13,137.373
2015-05-14,139.946
2015-05-15,141.6612
2015-05-18,143.8796
2015-05-19,144.495
2015-05-20,147.3077
2015-05-21,147.927
2015-05-22,147.3625
2015-05-25,152.4252
2015-05-26,155.7501
2015-05-27,153.7041
2015-05-28,157.6268
2015-05-29,160.8732
2015-06-01,158.6616
2015-06-02,159.4517
2015-06-03,161.1573
2015-06-04,160.7216
2015-06-05,161.6017
2015-06-08,160.3038
2015-06-09,163.7464
2015-06-10,159.8699
2015-06-11,158.4927
2015-06-12,156.433
2015-06-15,158.1127
2015-06-16,160.8858
2015-06-17,163.8897
2015-06-18,163.3585
2015-06-19,160.6507
2015-06-22,161.6628
2015-06-23,157.7252
2015-06-24,149.4216
2015-06-25,148.1249
2015-06-26,152.7845
2015-06-29,151.3433
2015-06-30,149.382
2015-07-01,147.1439
2015-07-02,142.8278
2015-07-03,142.3549
2015-07-06,145.1899
2015-07-07,142.6321
2015-07-08,140.6582
2015-07-09,137.6712
2015-07-10,142.7335
2015-07-13,142.6204
2015-07-14,141.1303
2015-07-15,140.5076
2015-07-16,138.4347
2015-07-17,137.0545
2015-07-20,141.2294
2015-07-21,139.6176
2015-07-22,140.0579
2015-07-23,140.511
2015-07-24,140.4523
2015-07-27,141.9974
2015-07-28,140.2553
2015-07-29,142.5746
2015-07-30,143.3601
2015-07-31,145.643
2015-08-03,150.6866
2015-08-04,152.4656
2015-08-05,148.1574
2015-08-06,146.5648
2015-08-07,145.1575
2015-08-10,142.8568
2015-08-11,140.0366
2015-08-12,140.3455
2015-08-13,138.4564
2015-08-14,137.0992
2015-08-17,142.3968
2015-08-18,144.6566
2015-08-19,147.4857
2015-08-20,147.4858
2015-08-21,149.0137
2015-08-24,144.9197
2015-08-25,144.5021
2015-08-26,143.1311
2015-08-27,141.6124
2015-08-28,143.0065
2015-08-31,143.9268
2015-09-01,143.9061
2015-09-02,144.4552
2015-09-03,146.4324
2015-09-04,146.3024
2015-09-07,145.2989
2015-09-08,149.9111
2015-09-09,153.6241
2015-09-10,155.7433
2015-09-11,152.3939
2015-09-14,152.3778
2015-09-15,154.2298
2015-09-16,154.9653
2015-09-17,155.2537
2015-09-18,154.1983
2015-09-21,151.055
2015-09-22,153.8286
2015-09-23,159.056
2015-09-24,159.0695
2015-09-25,156.8144
2015-09-28,157.2331
2015-09-29,157.7238
2015-09-30,161.0129
2015-10-01,163.6636
2015-10-02,161.3076
2015-10-05,165.4278
2015-10-06,170.2662
2015-10-07,170.6399
2015-10-08,167.5812
2015-10-09,172.3157
2015-10-12,172.3237
2015-10-13,168.7033
2015-10-14,166.295
2015-10-15,160.806
2015-10-16,160.7453
2015-10-19,157.683
2015-10-20,162.7445
2015-10-21,170.2367
2015-10-22,169.7598
2015-10-23,171.0489
2015-10-26,172.9161
2015-10-27,171.4233
2015-10-28,167.2641
2015-10-29,169.836
2015-10-30,170.6455
2015-11-02,173.7929
2015-11-03,173.3039
2015-11-04,172.8045
2015-11-05,170.7396
2015-11-06,166.8221
2015-11-09,166.2124
2015-11-10,166.0224
2015-11-11,168.5291
2015-11-12,166.7604
2015-11-13,172.3304
2015-11-16,173.0663
2015-11-17,175.6408
2015-11-18,179.7465
2015-11-19,183.166
2015-11-20,180.243
2015-11-23,176.8793
2015-11-24,184.2092
2015-11-25,180.6762
2015-11-26,177.0996
2015-11-27,178.5955
2015-11-30,173.8751
2015-12-01,174.2143
2015-12-02,174.5205
2015-12-03,177.5831
2015-12-04,178.0742
2015-12-07,177.8806
2015-12-08,176.7906
2015-12-09,174.1008
2015-12-10,168.738
2015-12-11,169.996
2015-12-14,169.5766
2015-12-15,167.8005
2015-12-16,173.5037
2015-12-17,176.2903
2015-12-18,170.964
2015-12-21,168.16
2015-12-22,166.5764
2015-12-23,170.297
2015-12-24,173.8823
2015-12-25,169.762
2015-12-28,169.7036
2015-12-29,169.9983
2015-12-30,172.053
2015-12-31,171.6422
2016-01-01,173.2142
2016-01-04,174.2425
2016-01-05,178.0324
2016-01-06,174.8644
2016-01-07,171.1528
2016-01-08,172.9757
2016-01-11,171.3871
2016-01-12,174.6746
2016-01-13,172.8362
2016-01-14,169.1432
2016-01-15,166.4039
2016-01-18,157.1146
2016-01-19,159.3922
2016-01-20,158.2774
2016-01-21,158.8459
2016-01-22,157.5164
2016-01-25,157.5252
2016-01-26,158.6381
2016-01-27,160.2244
2016-01-28,159.6538
2016-01-29,159.9589
2016-02-01,156.0467
2016-02-02,155.0835
2016-02-03,151.9543
2016-02-04,155.5468
2016-02-05,151.7465
2016-02-08,153.6692
2016-02-09,153.5958
2016-02-10,155.9298
2016-02-11,156.0813
2016-02-12,152.9325
2016-02-15,154.5776
2016-02-16,157.7304
2016-02-17,157.4888
2016-02-18,152.8962
2016-02-19,150.2958
2016-02-22,153.5033
2016-02-23,158.1887
2016-02-24,159.2905
2016-02-25,159.3183
2016-02-26,155.9679
2016-02-29,155.5529
2016-03-01,159.0842
2016-03-02,156.5611
2016-03-03,154.6089
2016-03-04,155.5987
2016-03-07,160.1973
2016-03-08,160.6731
2016-03-09,159.8599
2016-03-10,161.3864
2016-03-11,164.9596
2016-03-14,165.0523
2016-03-15,164.0023
2016-03-16,160.375
2016-03-17,159.3311
2016-03-18,163.0304
2016-03-21,163.607
2016-03-22,167.5086
2016-03-23,166.8563
2016-03-24,167.1922
2016-03-25,165.5828
2016-03-28,163.889
2016-03-29,161.2074
2016-03-30,153.7326
2016-03-31,156.2988
2016-04-01,156.5095
2016-04-04,154.7755
2016-04-05,153.2182
2016-04-06,156.4459
2016-04-07,154.4901
2016-04-08,150.3388
2016-04-11,149.1496
2016-04-12,148.009
2016-04-13,146.3428
2016-04-14,147.2785
2016-04-15,141.7453
2016-04-18,144.2201
2016-04-19,144.494
2016-04-20,144.4789
2016-04-21,144.085
2016-04-22,143.3058
2016-04-25,140.2983
2016-04-26,139.3401
2016-04-27,135.7472
2016-04-28,137.6294
2016-04-29,134.5386
2016-05-02,137.9103
2016-05-03,136.8992
2016-05-04,135.8806
2016-05-05,137.2008
2016-05-06,136.482
2016-05-09,133.6075
2016-05-10,134.3444
2016-05-11,131.6044
2016-05-12,131.5628
2016-05-13,132.8736
2016-05-16,132.2685
2016-05-17,133.6516
2016-05-18,136.911
2016-05-19,137.2932
2016-05-20,136.3976
2016-05-23,135.4615
2016-05-24,137.4729
2016-05-25,137.0072
2016-05-26,137.3074
2016-05-27,138.1955
2016-05-30,141.9646
2016-05-31,142.8838
2016-06-01,146.9233
2016-06-02,147.6206
2016-06-03,145.1224
2016-06-06,143.7185
2016-06-07,142.139
2016-06-08,143.0837
2016-06-09,139.3837
2016-06-10,143.7118
2016-06-13,142.6852
2016-06-14,141.1804
2016-06-15,137.1444
2016-06-16,140.4842
2016-06-17,142.0029
2016-06-20,141.5519
2016-06-21,137.0761
2016-06-22,136.3331
2016-06-23,139.3458
2016-06-24,139.3801
2016-06-27,140.9516
2016-06-28,144.4899
2016-06-29,148.654
2016-06-30,148.955
2016-07-01,151.3568
2016-07-04,151.2829
2016-07-05,150.3021
2016-07-06,150.642
2016-07-07,153.5597
2016-07-08,151.7659
2016-07-11,152.9757
2016-07-12,151.2091
2016-07-13,151.6419
2016-07-14,147.6796
2016-07-15,146.6298
2016-07-18,148.5196
2016-07-19,155.2106
2016-07-20,154.8129
2016-07-21,155.0755
2016-07-22,157.248
2016-07-25,154.1596
2016-07-26,156.5437
2016-07-27,156.9949
2016-07-28,158.2762
2016-07-29,162.218
2016-08-01,159.7641
2016-08-02,156.7076
2016-08-03,157.1345
2016-08-04,157.1661
2016-08-05,154.4118
2016-08-08,150.8503
2016-08-09,149.503
2016-08-10,150.6504
2016-08-11,157.9318
2016-08-12,157.7434
2016-08-15,153.8501
2016-08-16,153.5127
2016-08-17,155.609
2016-08-18,154.6704
2016-08-19,152.1289
2016-08-22,150.3566
2016-08-23,149.5038
2016-08-24,148.6231
2016-08-25,147.645
2016-08-26,148.5738
2016-08-29,146.396
2016-08-30,147.4158
2016-08-31,141.229
2016-09-01,142.2999
2016-09-02,145.5148
2016-09-05,148.4838
2016-09-06,144.7975
2016-09-07,147.5918
2016-09-08,149.3857
2016-09-09,144.1632
2016-09-12,141.0682
2016-09-13,147.4769
2016-09-14,149.0717
2016-09-15,144.9124
2016-09-16,137.9161
2016-09-19,132.3177
2016-09-20,129.51
2016-09-21,133.5004
2016-09-22,136.7636
2016-09-23,137.0365
2016-09-26,138.6179
2016-09-27,142.4591
2016-09-28,145.3493
2016-09-29,144.3544
2016-09-30,148.0007
2016-10-03,146.9715
2016-10-04,144.6786
2016-10-05,143.8294
2016-10-06,145.1783
2016-10-07,145.2827
2016-10-10,148.4093
2016-10-11,149.2906
2016-10-12,148.3189
2016-10-13,148.6184
2016-10-14,145.0643
2016-10-17,149.2256
2016-10-18,148.8677
2016-10-19,154.6423
2016-10-20,158.7627
2016-10-21,162.5168
2016-10-24,162.6136
2016-10-25,159.9022
2016-10-26,158.545
2016-10-27,161.0509
2016-10-28,159.9995
2016-10-31,163.8787
2016-11-01,164.7319
2016-11-02,168.555
2016-11-03,167.2828
2016-11-04,167.6855
2016-11-07,171.3825
2016-11-08,167.1145
2016-11-09,167.9464
2016-11-10,168.1056
2016-11-11,170.4129
2016-11-14,175.5252
2016-11-15,174.0227
2016-11-16,173.2233
2016-11-17,178.7738
2016-11-18,177.2184
2016-11-21,176.8376
2016-11-22,181.0974
2016-11-23,178.8137
2016-11-24,182.3656
2016-11-25,182.8057
2016-11-28,179.7409
2016-11-29,179.7642
2016-11-30,180.0284
2016-12-01,179.1655
2016-12-02,176.063
2016-12-05,178.897
2016-12-06,178.4503
2016-12-07,180.6551
2016-12-08,179.7404
2016-12-09,184.129
2016-12-12,182.9498
2016-12-13,183.6041
2016-12-14,180.4639
2016-12-15,185.499
2016-12-16,191.0884
2016-12-19,195.6895
2016-12-20,197.8036
2016-12-21,198.4836
2016-12-22,195.4209
2016-12-23,194.8503
2016-12-26,195.0084
2016-12-27,197.496
2016-12-28,194.7704
2016-12-29,195.6041
2016-12-30,199.2295
2017-01-02,200.0156
2017-01-03,206.9149
2017-01-04,209.1972
2017-01-05,206.8287
2017-01-06,207.3008
2017-01-09,204.8888
2017-01-10,205.215
2017-01-11,204.2423
2017-01-12,203.0831
2017-01-13,201.9441
2017-01-16,210.5124
2017-01-17,217.3881
2017-01-18,213.8165
2017-01-19,215.4154
2017-01-20,217.8097
2017-01-23,217.1806
2017-01-24,217.5343
2017-01-25,213.7089
2017-01-26,206.3954
2017-01-27,200.3661
2017-01-30,209.3264
2017-01-31,212.5169
2017-02-01,215.1216
2017-02-02,211.8557
2017-02-03,210.8215
2017-02-06,211.4247
2017-02-07,210.8497
2017-02-08,213.0002
2017-02-09,209.5803
2017-02-10,213.755
2017-02-13,212.7606
2017-02-14,218.7215
2017-02-15,209.8511
2017-02-16,217.1104
2017-02-17,210.5759
2017-02-20,214.0982
2017-02-21,209.4438
2017-02-22,208.2306
2017-02-23,198.2396
2017-02-24,201.873
2017-02-27,203.6027
2017-02-28,198.7068
2017-03-01,198.9388
2017-03-02,197.783
2017-03-03,197.5132
2017-03-06,199.0889
2017-03-07,197.8572
2017-03-08,200.387
2017-03-09,202.0204
2017-03-10,201.8231
2017-03-13,202.0274
2017-03-14,204.6713
2017-03-15,207.9538
2017-03-16,206.0939
2017-03-17,204.5507
2017-03-20,203.7785
2017-03-21,203.4522
2017-03-22,202.3508
2017-03-23,204.6666
2017-03-24,199.4647
2017-03-27,206.6404
2017-03-28,203.316
2017-03-29,197.8193
2017-03-30,203.4657
2017-03-31,202.716
2017-04-03,200.4943
2017-04-04,201.1618
2017-04-05,203.6591
2017-04-06,206.6645
2017-04-07,199.9989
2017-04-10,205.2764
2017-04-11,200.0989
2017-04-12,206.942
2017-04-13,204.8109
2017-04-14,208.6476
2017-04-17,205.45
2017-04-18,209.2172
2017-04-19,207.56
2017-04-20,209.0001
2017-04-21,213.6509
2017-04-24,211.6994
2017-04-25,219.1602
2017-04-26,222.8336
2017-04-27,222.4689
2017-04-28,221.2088
2017-05-01,225.5983
2017-05-02,222.76
2017-05-03,215.492
2017-05-04,215.9281
2017-05-05,215.1605
2017-05-08,215.4458
2017-05-09,218.2176
2017-05-10,215.7261
2017-05-11,222.7426
2017-05-12,226.8014
2017-05-15,226.9932
2017-05-16,227.3955
2017-05-17,227.9349
2017-05-18,223.3554
2017-05-19,229.2159
2017-05-22,230.8437
2017-05-23,225.1262
2017-05-24,222.6632
2017-05-25,218.8693
2017-05-26,219.1628
2017-05-29,220.3477
2017-05-30,217.9232
2017-05-31,218.8966
2017-06-01,221.6721
2017-06-02,215.7381
2017-06-05,218.9675
2017-06-06,222.7915
2017-06-07,224.2452
2017-06-08,224.2713
2017-06-09,225.2582
2017-06-12,218.0182
2017-06-13,222.7816
2017-06-14,218.4806
2017-06-15,218.7232
2017-06-16,216.6581
2017-06-19,218.5206
2017-06-20,221.1821
2017-06-21,216.7121
2017-06-22,216.7866
2017-06-23,223.2205
2017-06-26,220.0816
2017-06-27,221.9852
2017-06-28,225.2154
2017-06-29,227.4204
2017-06-30,229.8453
2017-07-03,226.5941
2017-07-04,221.2253
2017-07-05,223.7618
2017-07-06,227.4219
2017-07-07,225.0967
2017-07-10,225.2735
2017-07-11,220.5601
2017-07-12,218.0151
2017-07-13,217.561
2017-07-14,219.4834
2017-07-17,216.5826
2017-07-18,218.7997
2017-07-19,214.2859
2017-07-20,217.9784
2017-07-21,220.342
2017-07-24,218.0913
2017-07-25,219.1143
2017-07-26,217.9651
2017-07-27,216.1765
2017-07-28,221.2996
2017-07-31,218.3701
2017-08-01,221.377
2017-08-02,217.2055
2017-08-03,217.7563
2017-08-04,214.3221
2017-08-07,217.1271
2017-08-08,224.3078
2017-08-09,225.9156
2017-08-10,226.4563
2017-08-11,228.047
2017-08-14,219.3354
2017-08-15,223.398
2017-08-16,229.7331
2017-08-17,229.7523
2017-08-18,229.7007
2017-08-21,232.8046
2017-08-22,235.0294
2017-08-23,227.4486
2017-08-24,224.2573
2017-08-25,231.0408
2017-08-28,228.8406
2017-08-29,236.1888
2017-08-30,237.7689
2017-08-31,238.0469
2017-09-01,235.8213
2017-09-04,238.1953
2017-09-05,235.1805
2017-09-06,236.0983
2017-09-07,234.2929
2017-09-08,225.9838
2017-09-11,229.0802
2017-09-12,227.3261
2017-09-13,229.1828
2017-09-14,230.3829
2017-09-15,235.5317
2017-09-18,231.9184
2017-09-19,236.4573
2017-09-20,230.2469
2017-09-21,235.5865
2017-09-22,235.3057
2017-09-25,239.6437
2017-09-26,240.9909
2017-09-27,239.3724
2017-09-28,242.3028
2017-09-29,242.5725
2017-10-02,242.1352
2017-10-03,238.8596
2017-10-04,241.62
2017-10-05,234.5693
2017-10-06,236.9818
2017-10-09,237.6434
2017-10-10,243.0035
2017-10-11,237.4711
2017-10-12,229.3039
2017-10-13,229.3159
2017-10-16,230.5834
2017-10-17,227.2256
2017-10-18,226.3682
2017-10-19,229.6841
2017-10-20,228.8927
2017-10-23,228.2052
2017-10-24,225.3831
2017-10-25,220.8717
2017-10-26,210.1299
2017-10-27,210.7476
2017-10-30,209.8102
2017-10-31,206.1066
2017-11-01,200.9653
2017-11-02,199.1932
2017-11-03,204.3004
2017-11-06,205.2613
2017-11-07,204.2617
2017-11-08,205.8612
2017-11-09,209.5619
2017-11-10,212.0718
2017-11-13,216.6853
2017-11-14,222.0156
2017-11-15,219.2811
2017-11-16,217.5397
2017-11-17,216.0106
2017-11-20,217.6642
2017-11-21,219.3126
2017-11-22,217.5511
2017-11-23,222.254
2017-11-24,228.2927
2017-11-27,231.1599
2017-11-28,234.5741
2017-11-29,236.2974
2017-11-30,228.4086
2017-12-01,228.1842
2017-12-04,233.8927
2017-12-05,223.7849
2017-12-06,232.8006
2017-12-07,230.4213
2017-12-08,232.0197
2017-12-11,234.015
2017-12-12,230.4479
2017-12-13,230.1168
2017-12-14,232.5944
2017-12-15,240.0426
2017-12-18,237.5579
2017-12-19,241.8182
2017-12-20,241.9064
2017-12-21,238.7053
2017-12-22,231.1019
2017-12-25,229.1541
2017-12-26,226.7769
2017-12-27,230.1102
2017-12-28,228.8325
2017-12-29,232.0949
2018-01-01,235.959
2018-01-02,227.9029
2018-01-03,233.5701
2018-01-04,230.0105
2018-01-05,233.7959
2018-01-08,235.6662
2018-01-09,238.7546
2018-01-10,238.4793
2018-01-11,236.9406
2018-01-12,234.8965
2018-01-15,224.7849
2018-01-16,230.2474
2018-01-17,228.2367
2018-01-18,236.6768
2018-01-19,231.4997
2018-01-22,231.6746
2018-01-23,228.7854
2018-01-24,227.427
2018-01-25,228.6155
2018-01-26,226.8159
2018-01-29,226.5354
2018-01-30,224.4074
2018-01-31,220.248
2018-02-01,222.5502
2018-02-02,215.7674
2018-02-05,215.4348
2018-02-06,213.5938
2018-02-07,213.1441
2018-02-08,216.847
2018-02-09,219.47
2018-02-12,217.8821
2018-02-13,220.8036
2018-02-14,224.717
2018-02-15,223.9347
2018-02-16,220.2873
2018-02-19,220.7561
2018-02-20,221.9293
2018-02-21,216.0846
2018-02-22,210.8696
2018-02-23,205.9131
2018-02-26,210.3895
2018-02-27,210.1271
2018-02-28,211.8107
2018-03-01,204.8131
2018-03-02,207.2564
2018-03-05,212.2649
2018-03-06,216.3984
2018-03-07,219.2016
2018-03-08,216.7348
2018-03-09,217.4446
2018-03-12,216.1717
2018-03-13,217.123
2018-03-14,208.8233
2018-03-15,204.9282
2018-03-16,206.7842
2018-03-19,209.2597
2018-03-20,208.3285
2018-03-21,210.5645
2018-03-22,209.6491
2018-03-23,212.5705
2018-03-26,219.0923
2018-03-27,217.7926
2018-03-28,215.2252
2018-03-29,221.0166
2018-03-30,223.9752
2018-04-02,226.6294
2018-04-03,222.1448
2018-04-04,221.9214
2018-04-05,222.5745
2018-04-06,231.0492
2018-04-09,227.9395
2018-04-10,218.4997
2018-04-11,221.9137
2018-04-12,216.4383
2018-04-13,217.7075
2018-04-16,219.2625
2018-04-17,215.437
2018-04-18,215.8752
2018-04-19,212.5284
2018-04-20,214.4951
2018-04-23,212.7495
2018-04-24,204.4599
2018-04-25,205.9962
2018-04-26,200.604
2018-04-27,201.2731
2018-04-30,197.0375
2018-05-01,198.0131
2018-05-02,198.7123
2018-05-03,200.4029
2018-05-04,198.7376
2018-05-07,198.9386
2018-05-08,199.1995
2018-05-09,204.2828
2018-05-10,207.1109
2018-05-11,199.3102
2018-05-14,198.955
2018-05-15,194.7427
2018-05-16,197.8618
2018-05-17,193.5731
2018-05-18,190.5533
2018-05-21,188.767
2018-05-22,179.4852
2018-05-23,179.5831
2018-05-24,184.123
2018-05-25,183.563
2018-05-28,186.9144
2018-05-29,185.4272
2018-05-30,181.999
2018-05-31,182.0371
2018-06-01,183.7339
2018-06-04,184.826
2018-06-05,185.6644
2018-06-06,187.7753
2018-06-07,188.5398
2018-06-08,186.1823
2018-06-11,184.5047
2018-06-12,183.3873
2018-06-13,184.548
2018-06-14,190.4177
2018-06-15,187.6876
2018-06-18,192.5325
2018-06-19,191.3174
2018-06-20,193.6662
2018-06-21,196.1864
2018-06-22,195.257
2018-06-25,199.0965
2018-06-26,197.2459
2018-06-27,200.6979
2018-06-28,194.1465
2018-06-29,199.8759
2018-07-02,203.6103
2018-07-03,209.1673
2018-07-04,204.8237
2018-07-05,202.4299
2018-07-06,202.117
2018-07-09,200.5811
2018-07-10,202.5565
2018-07-11,196.9165
2018-07-12,201.0884
2018-07-13,201.8889
2018-07-16,205.3523
2018-07-17,200.6499
2018-07-18,202.8107
2018-07-19,205.4442
2018-07-20,205.0454
2018-07-23,203.0348
2018-07-24,203.2141
2018-07-25,198.2128
2018-07-26,200.6386
2018-07-27,199.6116
2018-07-30,196.7029
2018-07-31,192.3598
2018-08-01,192.8281
2018-08-02,188.2567
2018-08-03,188.58
2018-08-06,189.2754
2018-08-07,188.8876
2018-08-08,188.7815
2018-08-09,188.1639
2018-08-10,188.0732
2018-08-13,194.8303
2018-08-14,199.3061
2018-08-15,203.0638
2018-08-16,202.7895
2018-08-17,200.3096
2018-08-20,201.207
2018-08-21,208.3706
2018-08-22,208.7002
2018-08-23,211.2941
2018-08-24,211.8993
2018-08-27,216.8198
2018-08-28,220.7982
2018-08-29,221.8931
2018-08-30,219.359
2018-08-31,224.2704
2018-09-03,232.8364
2018-09-04,230.0981
2018-09-05,241.2763
2018-09-06,247.6402
2018-09-07,240.2273
2018-09-10,241.2724
2018-09-11,241.7583
2018-09-12,244.2647
2018-09-13,246.8188
2018-09-14,242.1661
2018-09-17,243.2309
2018-09-18,243.0666
2018-09-19,244.7972
2018-09-20,252.2507
2018-09-21,248.107
2018-09-24,242.2915
2018-09-25,249.6573
2018-09-26,248.2668
2018-09-27,253.6195
2018-09-28,259.7745
2018-10-01,249.8768
2018-10-02,249.6796
2018-10-03,245.9213
2018-10-04,244.9172
2018-10-05,244.9517
2018-10-08,254.466
2018-10-09,258.3286
2018-10-10,256.1449
2018-10-11,258.9866
2018-10-12,261.7419
2018-10-15,260.7355
2018-10-16,263.0178
2018-10-17,257.5628
2018-10-18,257.4601
2018-10-19,251.516
2018-10-22,256.1333
2018-10-23,257.7993
2018-10-24,251.1174
2018-10-25,257.8684
2018-10-26,255.4913
2018-10-29,252.3227
2018-10-30,249.3432
2018-10-31,246.8534
2018-11-01,247.9825
2018-11-02,244.8057
2018-11-05,248.532
2018-11-06,248.9897
2018-11-07,238.3069
2018-11-08,237.6683
2018-11-09,236.0201
2018-11-12,234.7151
2018-11-13,232.9781
2018-11-14,229.8082
2018-11-15,232.5647
2018-11-16,233.2045
2018-11-19,226.5178
2018-11-20,227.8793
2018-11-21,229.0099
2018-11-22,228.3862
2018-11-23,223.4275
2018-11-26,218.0669
2018-11-27,219.8991
2018-11-28,215.9766
2018-11-29,217.022
2018-11-30,224.793
2018-12-03,223.8019
2018-12-04,228.1269
2018-12-05,236.5433
2018-12-06,225.9975
2018-12-07,225.6698
2018-12-10,221.6959
2018-12-11,225.1976
2018-12-12,224.9429
2018-12-13,225.496
2018-12-14,229.5099
2018-12-17,235.5593
2018-12-18,242.9768
2018-12-19,240.5936
2018-12-20,236.4436
2018-12-21,230.5907
2018-12-24,234.6371
2018-12-25,237.363
2018-12-26,241.6685
2018-12-27,245.4422
2018-12-28,235.7958
2018-12-31,236.8196
2019-01-01,241.5434
2019-01-02,240.6405
2019-01-03,240.6243
2019-01-04,236.7836
2019-01-07,237.4289
2019-01-08,238.9075
2019-01-09,245.8523
2019-01-10,239.0664
2019-01-11,242.5256
2019-01-14,237.7752
2019-01-15,238.3822
2019-01-16,242.383
2019-01-17,247.0043
2019-01-18,256.0326
2019-01-21,264.5422
2019-01-22,264.2356
2019-01-23,264.7966
2019-01-24,269.6031
2019-01-25,273.1392
2019-01-28,270.0516
2019-01-29,266.9025
2019-01-30,269.1954
2019-01-31,279.8838
2019-02-01,274.8748
2019-02-04,269.1647
2019-02-05,262.4315
2019-02-06,256.579
2019-02-07,253.6462
2019-02-08,262.949
2019-02-11,265.811
2019-02-12,280.5734
2019-02-13,277.8974
2019-02-14,273.7032
2019-02-15,280.8114
2019-02-18,284.1355
2019-02-19,287.9126
2019-02-20,288.1101
2019-02-21,294.3681
2019-02-22,297.3312
2019-02-25,305.1022
2019-02-26,308.1714
2019-02-27,312.1802
2019-02-28,313.3489
2019-03-01,303.9462
2019-03-04,298.4853
2019-03-05,295.0056
2019-03-06,294.4832
2019-03-07,299.8244
2019-03-08,294.0124
2019-03-11,297.686
2019-03-12,303.0339
2019-03-13,300.0126
2019-03-14,305.0701
2019-03-15,301.2767
2019-03-18,299.16
2019-03-19,298.9723
2019-03-20,303.3242
2019-03-21,304.9017
2019-03-22,311.715
2019-03-25,307.5242
2019-03-26,295.5116
2019-03-27,294.5664
2019-03-28,292.1875
2019-03-29,298.1589
2019-04-01,292.4198
2019-04-02,292.8007
2019-04-03,295.9344
2019-04-04,303.9516
2019-04-05,304.2484
2019-04-08,305.7591
2019-04-09,306.2428
2019-04-10,305.4927
2019-04-11,309.5039
2019-04-12,311.675
2019-04-15,305.0312
2019-04-16,306.5196
2019-04-17,311.5186
2019-04-18,309.5263
2019-04-19,312.568
2019-04-22,305.7774
2019-04-23,302.7087
2019-04-24,304.6115
2019-04-25,309.681
2019-04-26,306.3166
2019-04-29,307.1097
2019-04-30,306.367
2019-05-01,310.4069
2019-05-02,309.4918
2019-05-03,311.1201
2019-05-06,314.284
2019-05-07,311.0133
2019-05-08,317.5931
2019-05-09,305.1526
2019-05-10,312.7455
2019-05-13,317.7948
2019-05-14,318.4547
2019-05-15,316.8261
2019-05-16,311.0467
2019-05-17,319.0595
2019-05-20,321.1023
2019-05-21,313.0552
2019-05-22,317.577
2019-05-23,315.9059
2019-05-24,311.9587
2019-05-27,315.3265
2019-05-28,309.0322
2019-05-29,305.5375
2019-05-30,304.593
2019-05-31,302.3584
2019-06-03,306.215
2019-06-04,298.5085
2019-06-05,298.9054
2019-06-06,289.1546
2019-06-07,285.5603
2019-06-10,286.417
2019-06-11,282.9217
2019-06-12,271.1651
2019-06-13,274.7033
2019-06-14,275.7097
2019-06-17,279.1477
2019-06-18,283.552
2019-06-19,267.1423
2019-06-20,270.6306
2019-06-21,266.3004
2019-06-24,266.2646
2019-06-25,264.6022
2019-06-26,263.3984
2019-06-27,267.8913
2019-06-28,268.8019
2019-07-01,271.2654
2019-07-02,280.25
2019-07-03,280.1179
2019-07-04,279.6413
2019-07-05,283.7382
2019-07-08,283.7194
2019-07-09,289.2377
2019-07-10,302.6217
2019-07-11,290.8363
2019-07-12,284.391
2019-07-15,290.5092
2019-07-16,298.62
2019-07-17,300.6146
2019-07-18,302.8278
2019-07-19,301.3691
2019-07-22,286.6909
2019-07-23,275.6786
2019-07-24,278.2239
2019-07-25,290.4116
2019-07-26,290.0488
2019-07-29,285.1018
2019-07-30,288.7101
2019-07-31,288.9883
2019-08-01,283.1545
2019-08-02,283.807
2019-08-05,286.9068
2019-08-06,280.7656
2019-08-07,286.6562
2019-08-08,289.5388
2019-08-09,291.533
2019-08-12,288.6207
2019-08-13,281.463
2019-08-14,285.0358
2019-08-15,282.1769
2019-08-16,279.9529
2019-08-19,287.777
2019-08-20,284.1543
2019-08-21,291.1479
2019-08-22,282.9317
2019-08-23,277.9616
2019-08-26,279.4657
2019-08-27,271.6682
2019-08-28,280.0588
2019-08-29,282.5905
2019-08-30,274.704
2019-09-02,277.2809
2019-09-03,268.8923
2019-09-04,273.5973
2019-09-05,281.8789
2019-09-06,275.7079
2019-09-09,270.7913
2019-09-10,269.9654
2019-09-11,270.9471
2019-09-12,266.0965
2019-09-13,269.4276
2019-09-16,275.5793
2019-09-17,278.4976
2019-09-18,280.5003
2019-09-19,280.9709
2019-09-20,278.278
2019-09-23,279.1494
2019-09-24,277.8641
2019-09-25,282.1397
2019-09-26,285.5947
2019-09-27,292.4888
2019-09-30,292.8047
2019-10-01,297.7793
2019-10-02,293.4982
2019-10-03,297.0545
2019-10-04,291.3963
2019-10-07,289.2213
2019-10-08,282.4134
2019-10-09,281.9308
2019-10-10,276.106
2019-10-11,275.8155
2019-10-14,284.8149
2019-10-15,290.0577
2019-10-16,292.1083
2019-10-17,287.0897
2019-10-18,294.3385
2019-10-21,289.6546
2019-10-22,292.851
2019-10-23,289.9136
2019-10-24,282.5775
2019-10-25,276.6945
2019-10-28,284.1357
2019-10-29,282.3129
2019-10-30,281.4699
2019-10-31,278.4334
2019-11-01,281.9162
2019-11-04,279.9082
2019-11-05,282.4472
2019-11-06,281.8328
2019-11-07,278.5945
2019-11-08,276.6478
2019-11-11,271.9026
2019-11-12,278.7909
2019-11-13,280.1092
2019-11-14,277.2478
2019-11-15,281.5547
2019-11-18,273.8959
2019-11-19,268.6395
2019-11-20,272.1637
2019-11-21,272.2769
2019-11-22,272.3595
2019-11-25,273.2919
2019-11-26,272.386
2019-11-27,271.6769
2019-11-28,275.5382
2019-11-29,268.7077
2019-12-02,264.3964
2019-12-03,262.3048
2019-12-04,269.6088
2019-12-05,267.229
2019-12-06,271.6962
2019-12-09,272.6625
2019-12-10,270.9069
2019-12-11,272.1579
2019-12-12,280.988
2019-12-13,281.9585
2019-12-16,279.6567
2019-12-17,280.1726
2019-12-18,282.7965
2019-12-19,276.7446
2019-12-20,280.4436
2019-12-23,278.9498
2019-12-24,279.9609
2019-12-25,282.0294
2019-12-26,281.2425
2019-12-27,282.722
2019-12-30,277.9756
2019-12-31,277.8698
2020-01-01,277.3407
2020-01-02,269.516
2020-01-03,265.3659
2020-01-06,262.1267
2020-01-07,267.595
2020-01-08,269.9015
2020-01-09,268.5108
2020-01-10,262.2465
2020-01-13,271.9315
2020-01-14,274.4913
2020-01-15,274.7543
2020-01-16,283.3789
2020-01-17,288.4912
2020-01-20,286.0057
2020-01-21,295.19
2020-01-22,298.1189
2020-01-23,297.8847
2020-01-24,303.4461
2020-01-27,306.2713
2020-01-28,310.9708
2020-01-29,310.0218
2020-01-30,304.8636
2020-01-31,318.0561
2020-02-03,315.8272
2020-02-04,319.1925
2020-02-05,330.7795
2020-02-06,337.4297
2020-02-07,344.6691
2020-02-10,353.6654
2020-02-11,347.4393
2020-02-12,347.1292
2020-02-13,346.7162
2020-02-14,358.839
2020-02-17,366.5915
2020-02-18,380.6332
2020-02-19,388.1103
2020-02-20,396.2349
2020-02-21,396.8136
2020-02-24,394.1442
2020-02-25,397.9187
2020-02-26,401.6606
2020-02-27,403.361
2020-02-28,404.9042
2020-03-02,404.7493
2020-03-03,401.5548
2020-03-04,404.2161
2020-03-05,413.0612
2020-03-06,417.8212
2020-03-09,421.252
2020-03-10,426.4186
2020-03-11,424.8933
2020-03-12,431.5905
2020-03-13,423.8858
2020-03-16,418.7052
2020-03-17,419.7968
2020-03-18,419.864
2020-03-19,431.8409
2020-03-20,437.7458
2020-03-23,436.2269
2020-03-24,430.1198
2020-03-25,412.7399
2020-03-26,429.8123
2020-03-27,436.5769
2020-03-30,427.3456
2020-03-31,429.0136
2020-04-01,434.7727
2020-04-02,436.3379
2020-04-03,437.3202
2020-04-06,445.141
2020-04-07,447.245
2020-04-08,436.9676
2020-04-09,427.1195
2020-04-10,415.2085
2020-04-13,413.7041
2020-04-14,419.0787
2020-04-15,420.0945
2020-04-16,415.1225
2020-04-17,430.4866
2020-04-20,422.7654
2020-04-21,417.8222
2020-04-22,421.0407
2020-04-23,412.0896
2020-04-24,403.0044
2020-04-27,402.7048
2020-04-28,407.9994
2020-04-29,391.5584
2020-04-30,388.572
2020-05-01,390.1565
2020-05-04,389.255
2020-05-05,400.068
2020-05-06,397.2212
2020-05-07,399.9183
2020-05-08,393.5037
2020-05-11,400.1555
2020-05-12,389.4357
2020-05-13,393.9684
2020-05-14,393.2049
2020-05-15,402.0212
2020-05-18,400.3137
2020-05-19,406.7224
2020-05-20,418.6282
2020-05-21,428.9984
2020-05-22,425.2857
2020-05-25,423.7821
2020-05-26,431.9656
2020-05-27,433.291
2020-05-28,439.9454
2020-05-29,418.7592
2020-06-01,415.6654
2020-06-02,417.9964
2020-06-03,424.0331
2020-06-04,431.505
2020-06-05,432.1951
2020-06-08,418.8285
2020-06-09,414.0421
2020-06-10,404.177
2020-06-11,412.6517
2020-06-12,404.6374
2020-06-15,405.1653
2020-06-16,414.5754
2020-06-17,419.9258
2020-06-18,426.5917
2020-06-19,419.6444
2020-06-22,410.466
2020-06-23,406.2979
2020-06-24,400.5132
2020-06-25,387.9709
2020-06-26,387.5866
2020-06-29,390.5256
2020-06-30,391.0157
2020-07-01,380.2666
2020-07-02,379.4336
2020-07-03,371.7273
2020-07-06,374.3457
2020-07-07,357.8088
2020-07-08,355.9079
2020-07-09,354.6945
2020-07-10,350.3347
2020-07-13,348.0831
2020-07-14,346.6948
2020-07-15,351.0791
2020-07-16,347.667
2020-07-17,362.5572
2020-07-20,369.3757
2020-07-21,372.6319
2020-07-22,373.6035
2020-07-23,370.1191
2020-07-24,369.9562
2020-07-27,356.6336
2020-07-28,350.971
2020-07-29,349.1287
2020-07-30,341.2613
2020-07-31,334.8331
2020-08-03,322.1786
2020-08-04,333.6941
2020-08-05,338.4975
2020-08-06,336.6332
2020-08-07,334.1263
2020-08-10,324.1849
2020-08-11,338.6388
2020-08-12,348.8759
2020-08-13,352.6035
2020-08-14,363.0689
2020-08-17,366.9654
2020-08-18,367.7573
2020-08-19,391.8456
2020-08-20,385.7937
2020-08-21,392.0745
2020-08-24,381.7029
2020-08-25,372.9921
2020-08-26,379.4748
2020-08-27,374.9024
2020-08-28,385.4807
2020-08-31,386.5813
2020-09-01,387.0706
2020-09-02,383.401
2020-09-03,378.0101
2020-09-04,388.7815
2020-09-07,387.465
2020-09-08,397.6159
2020-09-09,393.1237
2020-09-10,384.3664
2020-09-11,375.2501
2020-09-14,377.1871
2020-09-15,372.0367
2020-09-16,374.0592
2020-09-17,391.444
2020-09-18,405.1843
2020-09-21,406.4876
2020-09-22,399.822
2020-09-23,397.2108
2020-09-24,393.4026
2020-09-25,396.649
2020-09-28,391.4699
2020-09-29,390.283
2020-09-30,383.051
2020-10-01,383.4312
2020-10-02,383.513
2020-10-05,386.9701
2020-10-06,387.1974
2020-10-07,377.606
2020-10-08,377.6773
2020-10-09,374.1409
2020-10-12,381.9305
2020-10-13,387.3812
2020-10-14,384.7738
2020-10-15,397.2964
2020-10-16,390.8121
2020-10-19,402.5696
2020-10-20,396.3524
2020-10-21,390.8571
2020-10-22,393.4273
2020-10-23,390.4992
2020-10-26,389.504
2020-10-27,399.5506
2020-10-28,401.0151
2020-10-29,392.4644
2020-10-30,383.9822
2020-11-02,377.4441
2020-11-03,372.84
2020-11-04,374.3756
2020-11-05,363.9527
2020-11-06,361.3904
2020-11-09,354.0458
2020-11-10,367.3897
2020-11-11,362.6766
2020-11-12,358.0758
2020-11-13,362.2605
2020-11-16,358.407
2020-11-17,359.9121
2020-11-18,364.201
2020-11-19,361.8485
2020-11-20,354.9427
2020-11-23,360.3769
2020-11-24,354.9786
2020-11-25,359.8265
2020-11-26,362.5411
2020-11-27,355.9521
2020-11-30,344.9293
2020-12-01,342.7184
2020-12-02,360.2272
2020-12-03,352.2602
2020-12-04,359.1902
2020-12-07,352.6902
2020-12-08,357.9827
2020-12-09,331.2394
2020-12-10,326.0206
2020-12-11,322.8221
2020-12-14,323.7822
2020-12-15,319.6333
2020-12-16,334.0486
2020-12-17,329.0488
2020-12-18,340.2242
2020-12-21,340.6613
2020-12-22,343.1161
2020-12-23,338.5683
2020-12-24,330.3171
2020-12-25,330.8293
2020-12-28,336.3105
2020-12-29,335.7122
2020-12-30,335.0817
2020-12-31,335.0471
2021-01-01,337.8111
2021-01-04,340.6282
2021-01-05,335.6314
2021-01-06,329.4607
2021-01-07,317.7357
2021-01-08,320.7041
2021-01-11,325.1398
2021-01-12,326.6653
2021-01-13,313.6905
2021-01-14,309.8271
2021-01-15,308.7087
2021-01-18,297.3744
2021-01-19,307.0619
2021-01-20,312.2259
2021-01-21,317.6873
2021-01-22,318.9285
2021-01-25,318.8625
2021-01-26,317.2795
2021-01-27,325.8037
2021-01-28,331.3346
2021-01-29,324.0561
2021-02-01,320.7737
2021-02-02,322.9367
2021-02-03,328.8479
2021-02-04,324.8445
2021-02-05,316.3523
2021-02-08,316.3076
2021-02-09,327.6844
2021-02-10,325.7169
2021-02-11,321.7292
2021-02-12,323.8035
2021-02-15,314.8453
2021-02-16,314.7335
2021-02-17,312.0889
2021-02-18,317.6916
2021-02-19,322.7967
2021-02-22,325.2919
2021-02-23,321.1926
2021-02-24,317.3368
2021-02-25,323.1989
2021-02-26,317.2524
2021-03-01,316.6002
2021-03-02,311.5288
2021-03-03,306.8137
2021-03-04,301.1592
2021-03-05,301.4843
2021-03-08,304.9383
2021-03-09,307.0026
2021-03-10,303.2096
2021-03-11,303.8416
2021-03-12,299.8159
2021-03-15,298.1448
2021-03-16,300.1882
2021-03-17,296.1787
2021-03-18,294.4669
2021-03-19,299.7231
2021-03-22,298.9742
2021-03-23,303.3802
2021-03-24,300.1099
2021-03-25,295.1106
2021-03-26,291.3472
2021-03-29,290.5174
2021-03-30,298.2776
2021-03-31,291.1354
2021-04-01,281.6302
2021-04-02,281.6797
2021-04-05,275.1659
2021-04-06,280.7696
2021-04-07,285.2669
2021-04-08,285.2274
2021-04-09,283.5322
2021-04-12,284.6134
2021-04-13,272.6622
2021-04-14,273.2573
2021-04-15,265.6462
2021-04-16,254.2433
2021-04-19,252.8424
2021-04-20,258.6677
2021-04-21,255.4152
2021-04-22,257.9047
2021-04-23,263.3076
2021-04-26,263.1143
2021-04-27,263.6677
2021-04-28,271.2391
2021-04-29,278.4698
2021-04-30,272.5495
2021-05-03,279.7327
2021-05-04,279.1383
2021-05-05,280.6451
2021-05-06,270.7179
2021-05-07,274.1901
2021-05-10,275.865
2021-05-11,279.5324
2021-05-12,279.83
2021-05-13,277.312
2021-05-14,277.1376
2021-05-17,276.315
2021-05-18,268.7963
2021-05-19,269.5138
2021-05-20,273.6646
2021-05-21,274.8343
2021-05-24,270.0046
2021-05-25,270.2882
2021-05-26,278.0642
2021-05-27,281.3892
2021-05-28,282.3116
2021-05-31,276.9891
2021-06-01,278.0141
2021-06-02,286.9082
2021-06-03,293.7427
2021-06-04,295.3413
2021-06-07,298.7641
2021-06-08,301.9742
2021-06-09,304.8957
2021-06-10,309.4432
2021-06-11,314.6714
2021-06-14,311.2991
2021-06-15,315.938
2021-06-16,315.9589
2021-06-17,306.1168
2021-06-18,305.023
2021-06-21,308.7394
2021-06-22,311.9792
2021-06-23,302.1204
2021-06-24,300.8952
2021-06-25,307.088
2021-06-28,301.9639
2021-06-29,303.3816
2021-06-30,302.7749
2021-07-01,292.9457
2021-07-02,298.8353
2021-07-05,293.5026
2021-07-06,293.1492
2021-07-07,286.811
2021-07-08,291.3967
2021-07-09,290.1764
2021-07-12,284.6275
2021-07-13,290.6559
2021-07-14,296.0053
2021-07-15,287.5196
2021-07-16,276.1938
2021-07-19,280.4326
2021-07-20,289.8481
2021-07-21,285.8278
2021-07-22,280.1838
2021-07-23,289.0154
2021-07-26,283.6817
2021-07-27,288.3601
2021-07-28,281.0048
2021-07-29,289.4195
2021-07-30,283.4741
2021-08-02,278.4649
2021-08-03,279.8362
2021-08-04,277.3467
2021-08-05,279.9598
2021-08-06,277.349
2021-08-09,275.9442
2021-08-10,279.0642
2021-08-11,278.1072
2021-08-12,271.46
2021-08-13,261.7461
2021-08-16,258.1375
2021-08-17,254.5851
2021-08-18,256.1124
2021-08-19,264.631
2021-08-20,264.0691
2021-08-23,266.5832
2021-08-24,266.5427
2021-08-25,263.8489
2021-08-26,257.3046
2021-08-27,259.8827
2021-08-30,261.0954
2021-08-31,265.6363
2021-09-01,266.2472
2021-09-02,255.9588
2021-09-03,266.0534
2021-09-06,265.2397
2021-09-07,266.0093
2021-09-08,271.1471
2021-09-09,274.3134
2021-09-10,280.517
2021-09-13,277.6787
2021-09-14,271.8942
2021-09-15,273.4854
2021-09-16,268.2509
2021-09-17,266.9703
2021-09-20,268.8684
2021-09-21,275.4658
2021-09-22,274.0915
2021-09-23,277.8828
2021-09-24,279.3335
2021-09-27,278.6446
2021-09-28,275.4516
2021-09-29,277.3445
2021-09-30,282.4546
2021-10-01,280.1796
2021-10-04,278.6853
2021-10-05,274.1215
2021-10-06,279.085
2021-10-07,280.8953
2021-10-08,278.7415
2021-10-11,279.7896
2021-10-12,281.1507
2021-10-13,287.0872
2021-10-14,298.2645
2021-10-15,303.1731
2021-10-18,314.609
2021-10-19,325.2598
2021-10-20,323.4828
2021-10-21,327.58
2021-10-22,310.0144
2021-10-25,313.4815
2021-10-26,301.561
2021-10-27,301.4862
2021-10-28,304.6439
2021-10-29,302.669
2021-11-01,305.5719
2021-11-02,306.7903
2021-11-03,305.3346
2021-11-04,305.6237
2021-11-05,292.7849
2021-11-08,304.1516
2021-11-09,297.5962
2021-11-10,297.3239
2021-11-11,307.2701
2021-11-12,310.5063
2021-11-15,310.9422
2021-11-16,310.0205
2021-11-17,302.8388
2021-11-18,308.5519
2021-11-19,307.562
2021-11-22,314.098
2021-11-23,313.0639
2021-11-24,312.1937
2021-11-25,310.8282
2021-11-26,313.4139
2021-11-29,319.481
2021-11-30,323.7349
2021-12-01,337.7688
2021-12-02,339.2389
2021-12-03,340.1056
2021-12-06,337.1042
2021-12-07,348.1913
2021-12-08,359.4256
2021-12-09,373.488
2021-12-10,375.9827
2021-12-13,380.004
2021-12-14,386.1714
2021-12-15,382.6924
2021-12-16,380.1437
2021-12-17,390.9975
2021-12-20,386.4502
2021-12-21,384.5966
2021-12-22,371.6364
2021-12-23,360.9785
2021-12-24,367.1591
2021-12-27,369.6909
2021-12-28,365.8654
2021-12-29,362.2555
2021-12-30,359.9719
2021-12-31,365.9517
2022-01-03,368.2985
2022-01-04,369.0446
2022-01-05,371.7706
2022-01-06,365.6173
2022-01-07,371.7307
2022-01-10,368.5385
2022-01-11,366.4197
2022-01-12,369.6137
2022-01-13,381.2109
2022-01-14,372.4484
2022-01-17,365.3632
2022-01-18,354.8344
2022-01-19,358.4188
2022-01-20,360.611
2022-01-21,358.8087
2022-01-24,368.7791
2022-01-25,365.748
2022-01-26,358.094
2022-01-27,348.2632
2022-01-28,349.812
2022-01-31,351.6627
2022-02-01,343.7258
2022-02-02,336.8182
2022-02-03,326.7846
2022-02-04,320.9192
2022-02-07,325.5599
2022-02-08,321.2551
2022-02-09,323.1009
2022-02-10,319.8571
2022-02-11,325.9184
2022-02-14,333.3584
2022-02-15,331.9592
2022-02-16,326.5609
2022-02-17,339.7922
2022-02-18,344.9777
2022-02-21,350.1539
2022-02-22,360.0887
2022-02-23,348.0067
2022-02-24,348.8245
2022-02-25,361.2128
2022-02-28,364.4844
2022-03-01,363.1842
2022-03-02,369.1294
2022-03-03,357.7004
2022-03-04,361.0653
2022-03-07,366.1812
2022-03-08,373.6291
2022-03-09,371.8836
2022-03-10,366.305
2022-03-11,363.4367
2022-03-14,365.3471
2022-03-15,366.8866
2022-03-16,375.8606
2022-03-17,368.537
2022-03-18,368.7247
2022-03-21,362.4615
2022-03-22,367.6449
2022-03-23,374.3876
2022-03-24,380.8333
2022-03-25,373.3344
2022-03-28,380.0645
2022-03-29,386.4782
2022-03-30,376.8636
2022-03-31,373.885
2022-04-01,376.5093
2022-04-04,385.2053
2022-04-05,385.1706
2022-04-06,401.5504
2022-04-07,402.5312
2022-04-08,399.715
2022-04-11,395.8831
2022-04-12,397.6607
2022-04-13,397.9467
2022-04-14,401.1576
2022-04-15,401.7269
2022-04-18,393.1674
2022-04-19,405.3092
2022-04-20,392.7451
2022-04-21,403.6736
2022-04-22,399.427
2022-04-25,397.716
2022-04-26,396.0301
2022-04-27,385.4978
2022-04-28,384.6336
2022-04-29,384.9467
2022-05-02,380.8872
2022-05-03,370.8279
2022-05-04,375.6926
2022-05-05,376.4341
2022-05-06,384.6973
2022-05-09,380.8782
2022-05-10,383.9515
2022-05-11,391.2302
2022-05-12,403.7592
2022-05-13,404.8622
2022-05-16,399.8907
2022-05-17,407.7701
2022-05-18,408.0925
2022-05-19,421.4291
2022-05-20,420.9222
2022-05-23,421.9273
2022-05-24,434.4282
2022-05-25,425.9243
2022-05-26,430.4372
2022-05-27,417.2244
2022-05-30,420.3713
2022-05-31,432.0645
2022-06-01,441.1044
2022-06-02,437.3724
2022-06-03,440.7185
2022-06-06,439.9578
2022-06-07,441.3666
2022-06-08,439.9298
2022-06-09,438.471
2022-06-10,431.9846
2022-06-13,429.3668
2022-06-14,418.128
2022-06-15,417.5005
2022-06-16,406.9829
2022-06-17,391.8462
2022-06-20,388.282
2022-06-21,387.8998
2022-06-22,386.2323
2022-06-23,370.0368
2022-06-24,381.3971
2022-06-27,373.5597
2022-06-28,374.8947
2022-06-29,383.1395
2022-06-30,389.5744
2022-07-01,388.9731
2022-07-04,406.9882
2022-07-05,400.6922
2022-07-06,396.3332
2022-07-07,391.7869
2022-07-08,407.6841
2022-07-11,400.8841
2022-07-12,409.0914
2022-07-13,406.0774
2022-07-14,382.7541
2022-07-15,381.9408
2022-07-18,382.6327
2022-07-19,389.0693
2022-07-20,391.2709
2022-07-21,394.962
2022-07-22,395.5686
2022-07-25,382.0363
2022-07-26,382.8139
2022-07-27,366.2771
2022-07-28,366.3093
2022-07-29,359.1624
2022-08-01,365.2365
2022-08-02,371.3351
2022-08-03,376.8199
2022-08-04,378.7286
2022-08-05,378.1233
2022-08-08,381.903
2022-08-09,389.3474
2022-08-10,376.2549
2022-08-11,378.7108
2022-08-12,376.6414
2022-08-15,377.675
2022-08-16,371.7018
2022-08-17,381.356
2022-08-18,382.0316
2022-08-19,389.6877
2022-08-22,377.7025
2022-08-23,370.5815
2022-08-24,368.4903
2022-08-25,366.1229
2022-08-26,371.1473
2022-08-29,372.116
2022-08-30,370.4514
2022-08-31,369.7946
2022-09-01,360.8205
2022-09-02,362.1586
2022-09-05,351.3188
2022-09-06,351.9126
2022-09-07,351.9748
2022-09-08,350.9274
2022-09-09,346.6045
2022-09-12,343.4799
2022-09-13,344.5461
2022-09-14,350.1051
2022-09-15,334.3345
2022-09-16,347.921
2022-09-19,338.1446
2022-09-20,334.9787
2022-09-21,340.9272
2022-09-22,332.5608
2022-09-23,327.6821
2022-09-26,329.639
2022-09-27,322.1753
2022-09-28,333.2497
2022-09-29,334.112
2022-09-30,339.4856
2022-10-03,337.0208
2022-10-04,333.2343
2022-10-05,334.5428
2022-10-06,336.7683
2022-10-07,343.5771
2022-10-10,339.4021
2022-10-11,340.6621
2022-10-12,335.6122
2022-10-13,342.8865
2022-10-14,356.4208
2022-10-17,358.4967
2022-10-18,358.2089
2022-10-19,352.8331
2022-10-20,353.7245
2022-10-21,350.6781
2022-10-24,364.3602
2022-10-25,368.463
2022-10-26,358.8854
2022-10-27,357.9472
2022-10-28,361.3166
2022-10-31,354.5733
2022-11-01,359.518
2022-11-02,365.9837
2022-11-03,359.5101
2022-11-04,356.2748
2022-11-07,358.7876
2022-11-08,348.3162
2022-11-09,356.8868
2022-11-10,361.0191
2022-11-11,363.999
2022-11-14,365.8514
2022-11-15,372.0729
2022-11-16,374.5896
2022-11-17,374.9078
2022-11-18,368.9386
2022-11-21,354.1481
2022-11-22,350.6536
2022-11-23,347.1741
2022-11-24,353.2973
2022-11-25,346.0462
2022-11-28,350.6893
2022-11-29,346.915
2022-11-30,346.2431
2022-12-01,354.5865
2022-12-02,359.6818
2022-12-05,359.6844
2022-12-06,361.6957
2022-12-07,345.2692
2022-12-08,341.8642
2022-12-09,341.4234
2022-12-12,357.2389
2022-12-13,358.304
2022-12-14,354.3599
2022-12-15,360.511
2022-12-16,352.856
2022-12-19,340.0868
2022-12-20,345.093
2022-12-21,353.0376
2022-12-22,348.9403
2022-12-23,351.0933
2022-12-26,353.2669
2022-12-27,360.8984
2022-12-28,359.2253
2022-12-29,348.8909
2022-12-30,351.7056
2023-01-02,344.5782
2023-01-03,342.0825
2023-01-04,337.073
2023-01-05,345.9945
2023-01-06,359.932
2023-01-09,355.9883
2023-01-10,372.2742
2023-01-11,370.9192
2023-01-12,369.4241
2023-01-13,365.5024
2023-01-16,367.1755
2023-01-17,360.723
2023-01-18,359.5018
2023-01-19,372.2285
2023-01-20,372.2809
2023-01-23,373.6925
2023-01-24,370.1218
2023-01-25,344.2572
2023-01-26,349.8985
2023-01-27,350.5499
2023-01-30,348.9163
2023-01-31,349.8269
2023-02-01,343.2992
2023-02-02,339.9863
2023-02-03,339.0324
2023-02-06,343.6938
2023-02-07,351.0571
2023-02-08,357.6321
2023-02-09,367.9481
2023-02-10,367.5043
2023-02-13,374.0083
2023-02-14,364.4229
2023-02-15,368.3026
2023-02-16,368.3045
2023-02-17,369.517
2023-02-20,362.5334
2023-02-21,363.5331
2023-02-22,368.9569
2023-02-23,379.8867
2023-02-24,389.9715
2023-02-27,400.7907
2023-02-28,411.8135
2023-03-01,406.4282
2023-03-02,411.4873
2023-03-03,411.1741
2023-03-06,419.2714
2023-03-07,413.0509
2023-03-08,420.8282
2023-03-09,417.6472
2023-03-10,421.699
2023-03-13,418.257
2023-03-14,426.072
2023-03-15,431.8911
2023-03-16,434.7886
2023-03-17,435.7398
2023-03-20,447.7791
2023-03-21,430.3279
2023-03-22,426.262
2023-03-23,430.236
2023-03-24,430.6935
2023-03-27,415.4932
2023-03-28,405.5588
2023-03-29,404.3853
2023-03-30,409.36
2023-03-31,406.3737
2023-04-03,401.0371
2023-04-04,409.2062
2023-04-05,421.6998
2023-04-06,428.3215
2023-04-07,410.5941
2023-04-10,424.5409
2023-04-11,417.4727
2023-04-12,416.2956
2023-04-13,412.2446
2023-04-14,415.3089
2023-04-17,418.7734
2023-04-18,406.4739
2023-04-19,415.1123
2023-04-20,415.0489
2023-04-21,411.8571
2023-04-24,407.929
2023-04-25,406.2807
2023-04-26,400.5363
2023-04-27,394.3625
2023-04-28,391.0165
2023-05-01,379.2896
2023-05-02,394.0428
2023-05-03,398.5463
2023-05-04,398.3862
2023-05-05,398.4964
2023-05-08,407.4932
2023-05-09,397.0813
2023-05-10,398.6978
2023-05-11,399.9344
2023-05-12,397.4726
2023-05-15,393.2706
2023-05-16,397.8763
2023-05-17,401.3331
2023-05-18,398.673
2023-05-19,400.3756
2023-05-22,396.199
2023-05-23,398.2504
2023-05-24,397.6154
2023-05-25,410.7788
2023-05-26,407.4538
2023-05-29,414.3046
2023-05-30,416.7203
2023-05-31,420.8592
2023-06-01,418.7757
2023-06-02,421.3898
2023-06-05,409.5211
2023-06-06,406.0624
2023-06-07,397.5772
2023-06-08,406.1302
2023-06-09,413.9231
2023-06-12,414.9713
2023-06-13,406.2158
2023-06-14,412.3986
2023-06-15,425.8349
2023-06-16,428.9117
2023-06-19,429.4479
2023-06-20,420.6104
2023-06-21,425.1579
2023-06-22,422.6686
2023-06-23,407.0048
2023-06-26,394.9531
2023-06-27,382.3294
2023-06-28,390.4947
2023-06-29,388.5056
2023-06-30,385.831
2023-07-03,379.7097
2023-07-04,385.7072
2023-07-05,387.5194
2023-07-06,385.0224
2023-07-07,381.4937
2023-07-10,399.6245
2023-07-11,391.7197
2023-07-12,379.345
2023-07-13,391.1603
2023-07-14,401.1997
2023-07-17,398.7042
2023-07-18,411.2799
2023-07-19,419.2897
2023-07-20,427.0219
2023-07-21,418.9714
2023-07-24,419.6456
2023-07-25,409.183
2023-07-26,426.3741
2023-07-27,425.413
2023-07-28,427.0906
2023-07-31,426.2327
2023-08-01,425.1753
2023-08-02,443.328
2023-08-03,455.4052
2023-08-04,453.827
2023-08-07,453.7391
2023-08-08,456.3125
2023-08-09,455.6094
2023-08-10,467.0719
2023-08-11,473.5435
2023-08-14,484.4744
2023-08-15,475.6923
2023-08-16,474.6884
2023-08-17,484.5889
2023-08-18,475.7385
2023-08-21,477.5457
2023-08-22,477.7319
2023-08-23,478.7039
2023-08-24,487.6712
2023-08-25,486.7463
2023-08-28,483.0177
2023-08-29,483.1381
2023-08-30,473.8948
2023-08-31,470.5681
2023-09-01,469.634
2023-09-04,468.3428
2023-09-05,467.8795
2023-09-06,465.7328
2023-09-07,458.8702
2023-09-08,456.453
2023-09-11,457.6778
2023-09-12,441.8864
2023-09-13,441.5276
2023-09-14,437.4201
2023-09-15,439.0881
2023-09-18,441.6002
2023-09-19,425.6315
2023-09-20,423.3305
2023-09-21,421.1072
2023-09-22,412.0156
2023-09-25,410.7474
2023-09-26,411.0139
2023-09-27,408.316
2023-09-28,396.4033
2023-09-29,391.9392
2023-10-02,402.0977
2023-10-03,404.8513
2023-10-04,400.8267
2023-10-05,410.5332
2023-10-06,416.0806
2023-10-09,410.8489
2023-10-10,414.326
2023-10-11,417.5157
2023-10-12,413.6451
2023-10-13,399.3892
2023-10-16,388.9603
2023-10-17,387.5318
2023-10-18,385.3325
2023-10-19,383.9148
2023-10-20,386.6546
2023-10-23,375.9776
2023-10-24,379.3916
2023-10-25,376.5854
2023-10-26,379.6893
2023-10-27,380.7266
2023-10-30,381.1505
2023-10-31,380.9227
2023-11-01,380.3936
2023-11-02,374.7906
2023-11-03,367.4006
2023-11-06,375.9338
2023-11-07,385.9321
2023-11-08,380.3974
2023-11-09,380.0526
2023-11-10,377.1343
2023-11-13,370.6684
2023-11-14,375.4928
2023-11-15,372.8433
2023-11-16,383.0343
2023-11-17,390.7615
2023-11-20,402.9074
2023-11-21,407.0963
2023-11-22,407.1631
2023-11-23,404.7471
2023-11-24,404.6193
2023-11-27,414.1713
2023-11-28,414.4527
2023-11-29,421.3588
2023-11-30,424.0961
2023-12-01,422.9583
2023-12-04,415.2681
2023-12-05,414.4455
2023-12-06,411.6584
2023-12-07,404.0634
2023-12-08,410.0223
2023-12-11,415.4827
2023-12-12,421.9267
2023-12-13,427.6471
2023-12-14,420.9226
2023-12-15,416.7663
2023-12-18,408.1738
2023-12-19,408.001
2023-12-20,418.0685
2023-12-21,418.7844
2023-12-22,414.5179
2023-12-25,430.2726
2023-12-26,425.0393
2023-12-27,419.2244
2023-12-28,432.2243
2023-12-29,433.1067
2024-01-01,449.7938
2024-01-02,445.0773
2024-01-03,440.6054
2024-01-04,433.7043
2024-01-05,440.517
2024-01-08,438.3013
2024-01-09,434.2439
2024-01-10,430.2573
2024-01-11,444.2848
2024-01-12,442.366
2024-01-15,439.6046
2024-01-16,422.767
2024-01-17,426.4875
2024-01-18,444.4881
2024-01-19,429.0048
2024-01-22,421.7412
2024-01-23,425.366
2024-01-24,423.336
2024-01-25,416.1606
2024-01-26,424.008
2024-01-29,424.2218
2024-01-30,430.1877
2024-01-31,431.6016
2024-02-01,417.3439
2024-02-02,407.4133
2024-02-05,402.0296
2024-02-06,411.7489
2024-02-07,408.8913
2024-02-08,410.0877
2024-02-09,406.85
2024-02-12,420.5858
2024-02-13,408.5121
2024-02-14,398.6212
2024-02-15,396.9579
2024-02-16,386.8938
2024-02-19,379.9295
2024-02-20,371.1717
2024-02-21,373.3091
2024-02-22,374.3547
2024-02-23,372.61
2024-02-26,369.4666
2024-02-27,378.5006
2024-02-28,375.0494
2024-02-29,380.4969
2024-03-01,371.5983
2024-03-04,370.1534
2024-03-05,377.8763
2024-03-06,387.5826
2024-03-07,404.8418
2024-03-08,398.459
2024-03-11,406.7683
2024-03-12,401.2229
2024-03-13,393.4528
2024-03-14,398.8467
2024-03-15,403.1933
2024-03-18,414.8178
2024-03-19,418.7906
2024-03-20,425.0719
2024-03-21,419.5273
2024-03-22,418.1791
2024-03-25,413.6662
2024-03-26,412.5307
2024-03-27,418.8003
2024-03-28,424.9033
2024-03-29,418.3344
2024-04-01,422.8374
2024-04-02,420.3486
2024-04-03,418.1022
2024-04-04,425.1869
2024-04-05,421.0884
2024-04-08,406.3377
2024-04-09,411.876
2024-04-10,412.6457
2024-04-11,410.2898
2024-04-12,405.5681
2024-04-15,406.8583
2024-04-16,406.9919
2024-04-17,410.9196
2024-04-18,428.674
2024-04-19,412.4751
2024-04-22,413.2946
2024-04-23,419.0155
2024-04-24,416.4477
2024-04-25,402.3143
2024-04-26,399.9227
2024-04-29,392.5618
2024-04-30,398.6471
2024-05-01,399.0547
2024-05-02,391.7571
2024-05-03,394.8529
2024-05-06,398.2481
2024-05-07,389.33
2024-05-08,407.3228
2024-05-09,399.7952
2024-05-10,389.9865
2024-05-13,398.4025
2024-05-14,407.8004
2024-05-15,410.7322
2024-05-16,414.4223
2024-05-17,418.2153
2024-05-20,426.4176
2024-05-21,436.0901
2024-05-22,431.2387
2024-05-23,440.2106
2024-05-24,433.6634
2024-05-27,429.7313
2024-05-28,432.3481
2024-05-29,435.3296
2024-05-30,445.4681
2024-05-31,450.0036
2024-06-03,461.0015
2024-06-04,468.8165
2024-06-05,480.9044
2024-06-06,489.5729
2024-06-07,484.4661
2024-06-10,491.552
2024-06-11,504.541
2024-06-12,501.8398
2024-06-13,513.5237
2024-06-14,504.9543
2024-06-17,520.7629
2024-06-18,525.1071
2024-06-19,518.7047
2024-06-20,519.7651
2024-06-21,511.7127
2024-06-24,518.2104
2024-06-25,526.5179
2024-06-26,533.7778
2024-06-27,544.5908
2024-06-28,551.0439
2024-07-01,549.6187
2024-07-02,548.3884
2024-07-03,565.1765
2024-07-04,569.4694
2024-07-05,562.4056
2024-07-08,559.3954
2024-07-09,564.6785
2024-07-10,575.9676
2024-07-11,587.6989
2024-07-12,588.604
2024-07-15,598.4621
2024-07-16,595.565
2024-07-17,592.1026
2024-07-18,583.4668
2024-07-19,573.7487
2024-07-22,571.6762
2024-07-23,553.3445
2024-07-24,536.6751
2024-07-25,544.5875
2024-07-26,544.7055
2024-07-29,553.3567
2024-07-30,551.4994
2024-07-31,565.7603
2024-08-01,576.582
2024-08-02,586.6887
2024-08-05,575.0377
2024-08-06,575.3135
2024-08-07,580.6441
2024-08-08,590.2674
2024-08-09,591.1887
2024-08-12,594.2128
2024-08-13,589.7182
2024-08-14,584.5778
2024-08-15,581.3977
2024-08-16,581.5406
2024-08-19,587.8482
2024-08-20,589.715
2024-08-21,584.9708
2024-08-22,579.9962
2024-08-23,577.5221
2024-08-26,588.5817
2024-08-27,593.1385
2024-08-28,604.9505
2024-08-29,593.6526
2024-08-30,590.1006
2024-09-02,586.2697
2024-09-03,597.621
2024-09-04,584.7639
2024-09-05,587.646
2024-09-06,585.7863
2024-09-09,583.8119
2024-09-10,571.6905
2024-09-11,580.3898
2024-09-12,581.3442
2024-09-13,587.2358
2024-09-16,589.4402
2024-09-17,579.3759
2024-09-18,581.4864
2024-09-19,580.9626
2024-09-20,578.0722
2024-09-23,574.509
2024-09-24,583.5194
2024-09-25,562.2302
2024-09-26,574.7458
2024-09-27,560.3587
2024-09-30,559.2239
2024-10-01,563.5013
2024-10-02,569.6208
2024-10-03,586.1616
2024-10-04,582.2841
2024-10-07,578.3035
2024-10-08,585.6391
2024-10-09,592.7451
2024-10-10,597.2467
2024-10-11,586.9744
2024-10-14,593.0287
2024-10-15,586.739
2024-10-16,593.2813
2024-10-17,595.4864
2024-10-18,589.5993
2024-10-21,585.3923
2024-10-22,593.5106
2024-10-23,590.6316
2024-10-24,585.0312
2024-10-25,592.218
2024-10-28,587.0466
2024-10-29,584.5242
2024-10-30,588.7551
2024-10-31,588.9038
2024-11-01,589.1061
2024-11-04,572.4204
2024-11-05,562.3644
2024-11-06,564.4992
2024-11-07,561.0797
2024-11-08,543.8484
2024-11-11,554.5048
2024-11-12,557.0236
2024-11-13,549.7227
2024-11-14,545.2711
2024-11-15,538.1187
2024-11-18,539.1552
2024-11-19,534.514
2024-11-20,540.6206
2024-11-21,545.6627
2024-11-22,546.6491
2024-11-25,550.123
2024-11-26,548.0495
2024-11-27,550.3549
2024-11-28,545.7371
2024-11-29,556.8302
2024-12-02,551.1135
2024-12-03,552.5344
2024-12-04,551.1213
2024-12-05,549.1841
2024-12-06,569.3105
2024-12-09,576.5526
2024-12-10,582.4962
2024-12-11,573.9275
2024-12-12,568.0974
2024-12-13,566.4003
2024-12-16,571.2032
2024-12-17,565.9539
2024-12-18,563.368
2024-12-19,561.0387
2024-12-20,556.9942
2024-12-23,561.3606
2024-12-24,552.9804
2024-12-25,544.7564
2024-12-26,541.1931
2024-12-27,540.4928
2024-12-30,538.4561
2024-12-31,539.3242
2025-01-01,532.9015
2025-01-02,532.8291
2025-01-03,535.2066
2025-01-06,549.0979
2025-01-07,552.1343
2025-01-08,550.8364
2025-01-09,547.6673
2025-01-10,536.8089
2025-01-13,549.1799
2025-01-14,545.4105
2025-01-15,551.1404
2025-01-16,557.7423
2025-01-17,559.9543
2025-01-20,555.0562
2025-01-21,554.0048
2025-01-22,555.7399
2025-01-23,556.1191
2025-01-24,554.2058
2025-01-27,561.7883
2025-01-28,561.3928
2025-01-29,563.4426
2025-01-30,569.5325
2025-01-31,562.5209
2025-02-03,566.8769
2025-02-04,581.2759
2025-02-05,596.8599
2025-02-06,584.3298
2025-02-07,578.2737
2025-02-10,587.8485
2025-02-11,581.5193
2025-02-12,589.1293
2025-02-13,586.692
2025-02-14,580.6833
2025-02-17,584.7712
2025-02-18,574.4429
2025-02-19,571.5973
2025-02-20,577.4199
2025-02-21,597.1736
2025-02-24,599.1971
2025-02-25,609.9965
2025-02-26,605.1366
2025-02-27,591.1347
2025-02-28,584.2977
2025-03-03,598.6539
2025-03-04,597.0615
2025-03-05,605.6448
2025-03-06,603.9072
2025-03-07,604.8353
2025-03-10,587.3342
2025-03-11,576.1587
2025-03-12,574.4505
2025-03-13,572.1684
2025-03-14,563.0323
2025-03-17,575.502
2025-03-18,569.5047
2025-03-19,582.5141
2025-03-20,562.9288
2025-03-21,567.4654
2025-03-24,565.8483
2025-03-25,565.8472
2025-03-26,576.5338
2025-03-27,573.6429
2025-03-28,580.5008
2025-03-31,587.6139
2025-04-01,568.6729
2025-04-02,570.8211
2025-04-03,582.1601
2025-04-04,580.2041
2025-04-07,583.0736
2025-04-08,595.6239
2025-04-09,598.6239
2025-04-10,589.7046
2025-04-11,586.5403
2025-04-14,587.9923
2025-04-15,582.0076
2025-04-16,578.8676
2025-04-17,581.5572
2025-04-18,584.3658
2025-04-21,593.8931
2025-04-22,594.4759
2025-04-23,594.4733
2025-04-24,603.6261
2025-04-25,608.0696
2025-04-28,598.6501
2025-04-29,608.9411
2025-04-30,600.1802
2025-05-01,600.7209
2025-05-02,612.1265
2025-05-05,592.5807
2025-05-06,594.7446
2025-05-07,595.4715
2025-05-08,607.5651
2025-05-09,596.7598
2025-05-12,601.0531
2025-05-13,592.9046
2025-05-14,590.52
2025-05-15,588.3322
2025-05-16,590.793
2025-05-19,584.3061
2025-05-20,592.0729
2025-05-21,572.6292
2025-05-22,560.3024
2025-05-23,563.4389
2025-05-26,562.9705
2025-05-27,551.8409
2025-05-28,560.2172
2025-05-29,574.2204
2025-05-30,579.6868
2025-06-02,592.6791
2025-06-03,606.8189
2025-06-04,606.7444
2025-06-05,595.3868
2025-06-06,587.4278
2025-06-09,583.0882
2025-06-10,570.125
2025-06-11,584.9315
2025-06-12,582.0945
2025-06-13,577.3246
2025-06-16,572.4795
2025-06-17,566.5124
2025-06-18,578.8583
2025-06-19,575.2553
2025-06-20,575.8876
2025-06-23,580.9249
2025-06-24,574.7686
2025-06-25,583.8942
2025-06-26,589.1294
2025-06-27,564.7011
2025-06-30,582.2395
2025-07-01,598.4811
2025-07-02,593.2831
2025-07-03,582.8845
2025-07-04,571.0957
2025-07-07,577.9306
2025-07-08,585.2531
2025-07-09,583.5816
2025-07-10,574.3799
2025-07-11,565.3212
2025-07-14,574.6604
2025-07-15,574.0129
2025-07-16,566.6174
2025-07-17,575.0255
2025-07-18,572.3806
2025-07-21,567.3843
2025-07-22,576.8508
2025-07-23,579.3563
2025-07-24,587.9324
2025-07-25,597.2836
2025-07-28,600.1775
2025-07-29,611.0286
2025-07-30,611.0118
2025-07-31,592.3039
2025-08-01,590.6153
2025-08-04,597.3304
2025-08-05,601.7366
2025-08-06,603.9626
2025-08-07,609.4605
2025-08-08,591.8986
2025-08-11,588.5232
2025-08-12,587.6285
2025-08-13,586.4371
2025-08-14,577.9224
2025-08-15,581.782
2025-08-18,571.1798
2025-08-19,568.5578
2025-08-20,562.7607
2025-08-21,566.2964
2025-08-22,571.965
2025-08-25,580.0484
2025-08-26,566.5629
2025-08-27,567.4265
2025-08-28,568.0181
2025-08-29,573.4673
2025-09-01,566.2311
2025-09-02,566.9006
2025-09-03,565.8576
2025-09-04,572.809
2025-09-05,586.6395
2025-09-08,591.559
2025-09-09,589.1135
2025-09-10,591.8154
2025-09-11,587.6474
2025-09-12,593.662
2025-09-15,597.0219
2025-09-16,600.5177
2025-09-17,603.9112
2025-09-18,593.057
2025-09-19,589.1121
2025-09-22,589.4587
2025-09-23,587.3834
2025-09-24,594.0579
2025-09-25,598.0005
2025-09-26,603.3607
2025-09-29,601.0018
2025-09-30,598.788
2025-10-01,599.9474
2025-10-02,596.8277
2025-10-03,605.3591
2025-10-06,599.5372
2025-10-07,597.5587
2025-10-08,600.7549
2025-10-09,609.2442
2025-10-10,594.5301
2025-10-13,595.512
2025-10-14,604.3593
2025-10-15,599.1418
2025-10-16,602.3087
2025-10-17,589.9497
2025-10-20,592.4065
2025-10-21,605.8471
2025-10-22,597.5837
2025-10-23,591.7711
2025-10-24,587.8731
2025-10-27,590.8143
2025-10-28,572.3589
2025-10-29,575.2314
2025-10-30,562.6709
2025-10-31,560.6243
2025-11-03,558.7527
2025-11-04,561.95
2025-11-05,546.8092
2025-11-06,554.9136
2025-11-07,547.82
2025-11-10,549.2579
2025-11-11,564.6247
2025-11-12,566.6749
2025-11-13,573.7369
2025-11-14,575.7573
2025-11-17,586.5452
2025-11-18,590.3823
2025-11-19,584.893
2025-11-20,590.8474
2025-11-21,591.2141
2025-11-24,595.689
2025-11-25,589.8001
2025-11-26,587.2091
2025-11-27,593.3389
2025-11-28,598.5753
2025-12-01,611.2121
2025-12-02,599.587
2025-12-03,603.9864
2025-12-04,599.478
2025-12-05,590.0954
2025-12-08,588.0877
2025-12-09,592.6148
2025-12-10,587.3925
2025-12-11,591.6556
2025-12-12,602.3993
2025-12-15,590.6791
2025-12-16,577.2538
2025-12-17,576.8517
2025-12-18,566.7051
2025-12-19,563.1991
2025-12-22,562.0577
2025-12-23,551.4039
2025-12-24,536.9115
2025-12-25,538.8452
2025-12-26,532.2111
2025-12-29,523.1691
2025-12-30,530.423
2025-12-31,530.0784
2026-01-01,532.7081
2026-01-02,541.8266
2026-01-05,551.2034
2026-01-06,560.8382
2026-01-07,565.0955
2026-01-08,553.6506
2026-01-09,545.9248
2026-01-12,555.1229
2026-01-13,552.4702
2026-01-14,540.2346
2026-01-15,544.0491
2026-01-16,550.4459
2026-01-19,548.4263
2026-01-20,557.6382
2026-01-21,547.03
2026-01-22,539.0213
2026-01-23,548.3158
2026-01-26,549.5346
2026-01-27,547.7847
2026-01-28,556.4438
2026-01-29,554.2249
2026-01-30,550.4408
2026-02-02,552.5768
2026-02-03,561.8965
2026-02-04,564.5883
2026-02-05,570.594
2026-02-06,574.7359
2026-02-09,571.8472
2026-02-10,593.4698
2026-02-11,589.4152
2026-02-12,584.3942
2026-02-13,584.8448
2026-02-16,580.9326
2026-02-17,592.6481
2026-02-18,603.6917
2026-02-19,593.6032
2026-02-20,597.974
2026-02-23,586.8353
2026-02-24,583.9293
2026-02-25,581.1603
2026-02-26,564.508
2026-02-27,559.0247
2026-03-02,564.725
2026-03-03,554.6758
2026-03-04,552.6159
2026-03-05,560.6534
2026-03-06,565.0793
2026-03-09,548.3312
2026-03-10,559.0645
2026-03-11,570.5828
2026-03-12,559.8614
2026-03-13,563.4461
2026-03-16,562.8768
2026-03-17,570.2793
2026-03-18,556.9467
2026-03-19,553.3821
2026-03-20,550.5791
2026-03-23,560.0664
2026-03-24,558.9319
2026-03-25,570.5884
2026-03-26,572.218
2026-03-27,558.8541
2026-03-30,560.63
2026-03-31,570.4167
2026-04-01,569.7572
2026-04-02,576.5808
2026-04-03,574.2418
2026-04-06,592.4576
2026-04-07,582.6955
2026-04-08,582.2003
2026-04-09,578.1295
2026-04-10,582.3537
2026-04-13,577.1841
2026-04-14,574.8338
2026-04-15,572.5066
2026-04-16,566.7997
2026-04-17,583.2112
2026-04-20,586.9722
2026-04-21,577.7563
2026-04-22,584.4993
2026-04-23,575.2804
2026-04-24,584.1743
2026-04-27,575.2673
2026-04-28,585.5311
2026-04-29,578.2328
2026-04-30,592.279
2026-05-01,585.1062
2026-05-04,579.3783
2026-05-05,590.1632
2026-05-06,601.4104
2026-05-07,602.1541
2026-05-08,600.1455
2026-05-11,599.5195
2026-05-12,601.3802
2026-05-13,598.3145
2026-05-14,607.6492
2026-05-15,593.1412
2026-05-18,593.6635
2026-05-19,596.9651
2026-05-20,593.7399
2026-05-21,601.6162
2026-05-22,605.039
2026-05-25,591.0486
2026-05-26,596.8212
2026-05-27,594.5916
2026-05-28,598.2137
2026-05-29,580.1755
2026-06-01,583.8146
2026-06-02,584.7434
2026-06-03,583.9267
2026-06-04,581.9138
2026-06-05,580.3973
2026-06-08,582.3784
2026-06-09,570.9968
2026-06-10,581.3078
2026-06-11,563.0535
2026-06-12,573.139
2026-06-15,579.187
2026-06-16,590.1728
2026-06-17,591.7097
2026-06-18,591.5928
2026-06-19,586.1379
2026-06-22,599.4121
2026-06-23,599.9606
2026-06-24,590.3922
2026-06-25,585.8525
2026-06-26,595.1378
2026-06-29,598.4159
2026-06-30,599.381
2026-07-01,583.43
2026-07-02,596.6451
2026-07-03,595.1151
2026-07-06,583.5319
2026-07-07,586.9707
2026-07-08,591.1637
2026-07-09,585.685
2026-07-10,580.9787
2026-07-13,575.3619
2026-07-14,574.1223
2026-07-15,575.8514
2026-07-16,561.7793
2026-07-17,557.1445
2026-07-20,540.4489
2026-07-21,539.1741
2026-07-22,537.0415
2026-07-23,551.0009
2026-07-24,548.792
2026-07-27,543.065
2026-07-28,535.2959
2026-07-29,543.104
2026-07-30,555.8356
2026-07-31,551.1323
2026-08-03,567.2692
2026-08-04,562.0358
2026-08-05,561.7184
2026-08-06,556.0061
2026-08-07,553.5584
2026-08-10,548.4401
2026-08-11,545.1877
2026-08-12,539.9464
2026-08-13,544.977
2026-08-14,559.8103
2026-08-17,561.2369
2026-08-18,559.6653
2026-08-19,567.8328
2026-08-20,572.8566
2026-08-21,574.2685
2026-08-24,583.4593
2026-08-25,586.4077
2026-08-26,577.1512
2026-08-27,569.7995
2026-08-28,551.2701
2026-08-31,552.2942
2026-09-01,548.9281
2026-09-02,556.1647
2026-09-03,562.9011
2026-09-04,559.7816
2026-09-07,570.6272
2026-09-08,573.4308
2026-09-09,571.3621
2026-09-10,577.2474
2026-09-11,566.0192
2026-09-14,554.5487
2026-09-15,561.8526
2026-09-16,571.2457
2026-09-17,564.0688
2026-09-18,560.001
2026-09-21,553.2783
2026-09-22,553.829
2026-09-23,556.0955
2026-09-24,560.7171
2026-09-25,547.8842
2026-09-28,545.9959
2026-09-29,562.5518
2026-09-30,561.8493
2026-10-01,570.3124
2026-10-02,572.8559
2026-10-05,572.3114
2026-10-06,562.9964
2026-10-07,571.0655
2026-10-08,569.1114
2026-10-09,576.7792
2026-10-12,573.0699
2026-10-13,573.1475
2026-10-14,572.3235
2026-10-15,567.5655
2026-10-16,562.4818
2026-10-19,563.5235
2026-10-20,552.6561
2026-10-21,552.3987
2026-10-22,547.5304
2026-10-23,541.0457
2026-10-26,520.9876
2026-10-27,537.735
2026-10-28,557.2006
2026-10-29,552.4265
2026-10-30,541.9677
2026-11-02,543.4314
2026-11-03,538.1872
2026-11-04,530.5847
2026-11-05,538.0139
2026-11-06,549.8235
2026-11-09,547.3524
2026-11-10,562.3732
2026-11-11,564.4004
2026-11-12,562.775
2026-11-13,556.4134
2026-11-16,554.4425
2026-11-17,564.2229
2026-11-18,570.8332
2026-11-19,572.1533
2026-11-20,567.3232
2026-11-23,549.7844
2026-11-24,552.9351
2026-11-25,553.8596
2026-11-26,549.9091
2026-11-27,529.0612
2026-11-30,528.3652
2026-12-01,543.2227
2026-12-02,556.4744
2026-12-03,571.4752
2026-12-04,565.9003
2026-12-07,561.6908
2026-12-08,567.1038
2026-12-09,566.523
2026-12-10,570.9323
2026-12-11,583.684
2026-12-14,588.243
2026-12-15,579.5145
2026-12-16,568.3998
2026-12-17,568.5155
2026-12-18,573.5556
2026-12-21,561.2752
2026-12-22,566.3587
2026-12-23,555.5905
2026-12-24,564.5531
2026-12-25,556.1773
2026-12-28,553.5194
2026-12-29,559.2277
2026-12-30,552.6751
2026-12-31,547.8817
2027-01-01,547.9854
2027-01-04,557.5403
2027-01-05,578.7799
2027-01-06,574.8226
2027-01-07,563.7964
2027-01-08,567.3178
2027-01-11,572.6811
2027-01-12,553.6926
2027-01-13,545.967
2027-01-14,561.1461
2027-01-15,573.4135
2027-01-18,583.4914
2027-01-19,576.1079
2027-01-20,576.6189
2027-01-21,565.596
2027-01-22,577.0497
2027-01-25,583.2056
2027-01-26,596.3026
2027-01-27,590.6715
2027-01-28,575.9532
2027-01-29,561.431
2027-02-01,575.8416
2027-02-02,578.8334
2027-02-03,568.9063
2027-02-04,557.8668
2027-02-05,553.1068
2027-02-08,541.249
2027-02-09,539.7208
2027-02-10,544.4748
2027-02-11,560.696
2027-02-12,563.3938
2027-02-15,561.544
2027-02-16,560.9212
2027-02-17,568.3715
2027-02-18,576.6953
2027-02-19,567.0728
2027-02-22,578.4742
2027-02-23,584.3153
2027-02-24,587.157
2027-02-25,587.4521
2027-02-26,589.2336
2027-03-01,595.9151
2027-03-02,599.3193
2027-03-03,604.7534
2027-03-04,601.7798
2027-03-05,598.7982
2027-03-08,599.3291
2027-03-09,583.545
2027-03-10,584.8032
2027-03-11,576.2159
2027-03-12,584.8112
2027-03-15,589.025
2027-03-16,580.8351
2027-03-17,569.8698
2027-03-18,573.4269
2027-03-19,572.0866
2027-03-22,569.0943
2027-03-23,570.0001
2027-03-24,573.106
2027-03-25,580.4639
2027-03-26,588.8933
2027-03-29,578.2232
2027-03-30,582.5554
2027-03-31,575.3282
2027-04-01,572.0043
2027-04-02,575.833
2027-04-05,560.5144
2027-04-06,565.0423
2027-04-07,560.898
2027-04-08,546.6903
2027-04-09,554.2007
2027-04-12,560.1711
2027-04-13,577.8389
2027-04-14,587.9348
2027-04-15,574.8141
2027-04-16,576.5572
2027-04-19,592.1223
2027-04-20,590.468
2027-04-21,593.5386
2027-04-22,589.1108
2027-04-23,585.1781
2027-04-26,591.044
2027-04-27,592.1672
2027-04-28,600.2474
2027-04-29,594.9696
2027-04-30,588.9301
2027-05-03,589.0691
2027-05-04,583.0179
2027-05-05,576.9268
2027-05-06,580.0035
2027-05-07,586.1506
2027-05-10,585.5213
2027-05-11,597.7097
2027-05-12,590.9972
2027-05-13,582.194
2027-05-14,576.2351
2027-05-17,574.3688
2027-05-18,583.0228
2027-05-19,574.1081
2027-05-20,576.0529
2027-05-21,571.2773
2027-05-24,568.7099
2027-05-25,568.1336
2027-05-26,581.574
2027-05-27,593.5061
2027-05-28,605.9497
2027-05-31,599.3325
2027-06-01,602.4913
2027-06-02,602.6987
2027-06-03,609.2991
2027-06-04,600.2261
2027-06-07,602.9212
2027-06-08,602.8882
2027-06-09,600.7225
2027-06-10,600.5147
2027-06-11,590.3266
2027-06-14,591.4581
2027-06-15,596.5835
2027-06-16,597.9956
2027-06-17,600.1628
2027-06-18,591.0838
2027-06-21,595.329
2027-06-22,598.1985
2027-06-23,591.7507
2027-06-24,590.5642
2027-06-25,573.5716
2027-06-28,553.9242
2027-06-29,547.6899
2027-06-30,555.5545
2027-07-01,579.2407
2027-07-02,578.7848
2027-07-05,571.6685
2027-07-06,589.3856
2027-07-07,594.7482
2027-07-08,597.5212
2027-07-09,602.0433
2027-07-12,597.3889
2027-07-13,597.5627
2027-07-14,584.9211
2027-07-15,600.0184
2027-07-16,589.5342
2027-07-19,583.0787
2027-07-20,586.0333
2027-07-21,583.5672
2027-07-22,583.4393
2027-07-23,576.4682
2027-07-26,588.7975
2027-07-27,594.4143
2027-07-28,607.2762
2027-07-29,594.2501
2027-07-30,593.4233
2027-08-02,587.165
2027-08-03,588.5833
2027-08-04,592.0621
2027-08-05,582.7154
2027-08-06,586.1087
2027-08-09,578.8688
2027-08-10,583.5899
2027-08-11,565.6283
2027-08-12,573.2475
2027-08-13,568.5398
2027-08-16,575.5188
2027-08-17,582.2864
2027-08-18,595.215
2027-08-19,593.7519
2027-08-20,592.1463
2027-08-23,590.2935
2027-08-24,579.4208
2027-08-25,595.3487
2027-08-26,598.0622
2027-08-27,592.6704
2027-08-30,599.7267
2027-08-31,592.5489
2027-09-01,572.2893
2027-09-02,574.3553
2027-09-03,573.3752
2027-09-06,574.9707
2027-09-07,590.5282
2027-09-08,596.3575
2027-09-09,603.6027
2027-09-10,593.874
2027-09-13,595.3511
2027-09-14,592.7703
2027-09-15,581.7091
2027-09-16,597.3551
2027-09-17,590.5947
2027-09-20,589.5484
2027-09-21,587.458
2027-09-22,590.4442
2027-09-23,587.8095
2027-09-24,591.2584
2027-09-27,581.0653
2027-09-28,588.8374
2027-09-29,587.2307
2027-09-30,569.1439
2027-10-01,568.7261
2027-10-04,574.2081
2027-10-05,566.075
2027-10-06,559.8839
2027-10-07,569.5747
2027-10-08,558.5888
2027-10-11,560.2624
2027-10-12,557.2828
2027-10-13,554.4145
2027-10-14,546.7183
2027-10-15,541.7109
2027-10-18,535.6642
2027-10-19,539.1821
2027-10-20,539.0807
2027-10-21,547.216
2027-10-22,545.0208
2027-10-25,547.7215
2027-10-26,551.9666
2027-10-27,558.3278
2027-10-28,559.5157
2027-10-29,560.9262
2027-11-01,574.6401
2027-11-02,569.266
2027-11-03,567.6896
2027-11-04,578.3666
2027-11-05,569.6665
2027-11-08,561.7232
2027-11-09,578.2257
2027-11-10,581.4972
2027-11-11,583.8961
2027-11-12,580.6751
2027-11-15,556.573
2027-11-16,554.304
2027-11-17,556.8959
2027-11-18,565.0452
2027-11-19,565.592
2027-11-22,554.0168
2027-11-23,549.0479
2027-11-24,551.6253
2027-11-25,555.3752
2027-11-26,548.1421
2027-11-29,556.0398
2027-11-30,551.1173
2027-12-01,534.3695
2027-12-02,519.5863
2027-12-03,511.6215
2027-12-06,524.6369
2027-12-07,534.0613
2027-12-08,537.8751
2027-12-09,519.9169
2027-12-10,527.2162
2027-12-13,515.1698
2027-12-14,535.8829
2027-12-15,538.5808
2027-12-16,552.9336
2027-12-17,546.2885
2027-12-20,550.7861
2027-12-21,557.9061
2027-12-22,561.6499
2027-12-23,572.0818
2027-12-24,579.8069
2027-12-27,569.0097
2027-12-28,565.6423
2027-12-29,562.3389
2027-12-30,567.0917
2027-12-31,558.5909
2028-01-03,555.2712
2028-01-04,551.912
2028-01-05,547.5462
2028-01-06,553.6662
2028-01-07,567.9843
2028-01-10,576.0682
2028-01-11,571.7299
2028-01-12,562.0899
2028-01-13,569.9378
2028-01-14,566.7472
2028-01-17,561.2561
2028-01-18,552.8077
2028-01-19,539.0214
2028-01-20,543.8307
2028-01-21,535.1793
2028-01-24,542.8249
2028-01-25,538.8032
2028-01-26,538.1664
2028-01-27,525.5293
2028-01-28,510.5455
2028-01-31,526.0022
2028-02-01,529.0263
2028-02-02,539.5583
2028-02-03,535.123
2028-02-04,533.8424
2028-02-07,545.3369
2028-02-08,536.5692
2028-02-09,540.133
2028-02-10,524.5887
2028-02-11,528.2797
2028-02-14,527.4887
2028-02-15,538.946
2028-02-16,527.4471
2028-02-17,524.4906
2028-02-18,512.8289
2028-02-21,510.2485
2028-02-22,523.7372
2028-02-23,531.1502
2028-02-24,525.7732
2028-02-25,529.1152
2028-02-28,539.6327
2028-02-29,539.2841
2028-03-01,536.9941
2028-03-02,544.6387
2028-03-03,547.3328
2028-03-06,563.6964
2028-03-07,547.2301
2028-03-08,533.814
2028-03-09,548.0244
2028-03-10,558.5573
2028-03-13,560.2251
2028-03-14,561.1336
2028-03-15,557.8501
2028-03-16,566.332
2028-03-17,550.6646
2028-03-20,541.3986
2028-03-21,536.2361
2028-03-22,522.7191
2028-03-23,518.1472
2028-03-24,526.2593
2028-03-27,540.6075
2028-03-28,545.4274
2028-03-29,554.5733
2028-03-30,559.36
2028-03-31,552.4923
2028-04-03,554.4221
2028-04-04,565.8968
2028-04-05,579.0369
2028-04-06,590.3995
2028-04-07,592.025
2028-04-10,587.6356
2028-04-11,567.0225
2028-04-12,567.7643
2028-04-13,547.6596
2028-04-14,551.3664
2028-04-17,546.6425
2028-04-18,541.9879
2028-04-19,539.2067
2028-04-20,546.2488
2028-04-21,547.6854
2028-04-24,550.3141
2028-04-25,525.9718
2028-04-26,534.3885
2028-04-27,542.3716
2028-04-28,547.9521
2028-05-01,559.1229
2028-05-02,566.8083
2028-05-03,581.9756
2028-05-04,580.3864
2028-05-05,566.5723
2028-05-08,563.0853
2028-05-09,558.6098
2028-05-10,548.9973
2028-05-11,547.8202
2028-05-12,555.5169
2028-05-15,566.0642
2028-05-16,552.0811
2028-05-17,556.2989
2028-05-18,566.0255
2028-05-19,569.0873
2028-05-22,590.2276
2028-05-23,589.8806
2028-05-24,583.6196
2028-05-25,583.7562
2028-05-26,594.9359
2028-05-29,600.266
2028-05-30,594.4564
2028-05-31,605.7987
2028-06-01,592.4819
2028-06-02,595.0881
2028-06-05,590.723
2028-06-06,590.3186
2028-06-07,595.0195
2028-06-08,590.1351
2028-06-09,590.7835
2028-06-12,598.7295
2028-06-13,592.2486
2028-06-14,597.1434
2028-06-15,593.3612
2028-06-16,605.7405
2028-06-19,603.4502
2028-06-20,597.6006
2028-06-21,598.0861
2028-06-22,603.1372
2028-06-23,597.8792
2028-06-26,595.0683
2028-06-27,590.0846
2028-06-28,582.2315
2028-06-29,580.8748
2028-06-30,588.1001
2028-07-03,587.5777
2028-07-04,591.3681
2028-07-05,585.6631
2028-07-06,587.5149
2028-07-07,580.9407
2028-07-10,586.8606
2028-07-11,592.2913
2028-07-12,587.0459
2028-07-13,577.8847
2028-07-14,563.0416
2028-07-17,573.7763
2028-07-18,570.6771
2028-07-19,582.0436
2028-07-20,587.7136
2028-07-21,594.8787
2028-07-24,598.9543
2028-07-25,594.7897
2028-07-26,593.5334
2028-07-27,599.4205
2028-07-28,589.2394
2028-07-31,585.7383
2028-08-01,580.4773
2028-08-02,585.0386
2028-08-03,591.4285
2028-08-04,591.5689
2028-08-07,582.1658
2028-08-08,597.4355
2028-08-09,581.8368
2028-08-10,591.6242
2028-08-11,608.156
2028-08-14,611.4052
2028-08-15,590.6119
2028-08-16,588.1139
2028-08-17,583.8472
2028-08-18,593.048
2028-08-21,592.5597
2028-08-22,596.4875
2028-08-23,584.2982
2028-08-24,589.1529
2028-08-25,570.7306
2028-08-28,573.5458
2028-08-29,571.3132
2028-08-30,568.4405
2028-08-31,561.7923
2028-09-01,568.0222
2028-09-04,572.0453
2028-09-05,554.8105
2028-09-06,569.9598
2028-09-07,567.997
2028-09-08,560.4881
2028-09-11,553.2959
2028-09-12,552.233
2028-09-13,560.1556
2028-09-14,556.2561
2028-09-15,569.012
2028-09-18,580.5321
2028-09-19,559.5598
2028-09-20,565.0415
2028-09-21,569.7553
2028-09-22,578.9694
2028-09-25,578.5924
2028-09-26,565.6443
2028-09-27,573.3156
2028-09-28,562.4994
2028-09-29,566.5134
2028-10-02,569.9297
2028-10-03,585.0261
2028-10-04,592.9235
2028-10-05,588.9101
2028-10-06,591.732
2028-10-09,586.8636
2028-10-10,578.2439
2028-10-11,578.1981
2028-10-12,581.7731
2028-10-13,594.8615
2028-10-16,604.8741
2028-10-17,596.5073
2028-10-18,597.9464
2028-10-19,598.2971
2028-10-20,609.479
2028-10-23,599.3688
2028-10-24,590.4545
2028-10-25,591.3059
2028-10-26,574.5877
2028-10-27,574.7154
2028-10-30,591.5202
2028-10-31,575.155
2028-11-01,591.4377
2028-11-02,591.7665
2028-11-03,600.8567
2028-11-06,595.4599
2028-11-07,589.4268
2028-11-08,589.5329
2028-11-09,590.8361
2028-11-10,591.5332
2028-11-13,588.126
2028-11-14,591.7599
2028-11-15,587.6992
2028-11-16,595.3554
2028-11-17,589.678
2028-11-20,591.1472
2028-11-21,595.4464
2028-11-22,594.6107
2028-11-23,597.7047
2028-11-24,605.8419
2028-11-27,606.485
2028-11-28,601.5946
2028-11-29,595.9863
2028-11-30,580.7344
2028-12-01,586.3126
2028-12-04,586.0474
2028-12-05,579.2772
2028-12-06,580.5126
2028-12-07,566.7151
2028-12-08,558.1726
2028-12-11,555.8074
2028-12-12,561.4471
2028-12-13,560.7189
2028-12-14,562.2119
2028-12-15,562.2103
2028-12-18,556.1079
2028-12-19,546.7947
2028-12-20,549.627
2028-12-21,539.0463
2028-12-22,546.9289
2028-12-25,537.5896
2028-12-26,537.3341
2028-12-27,531.2379
2028-12-28,514.9727
2028-12-29,523.0763
2029-01-01,511.6274
2029-01-02,517.1671
2029-01-03,509.5548
2029-01-04,510.8536
2029-01-05,516.4308
2029-01-08,516.4621
2029-01-09,509.253
2029-01-10,499.6273
2029-01-11,496.6156
2029-01-12,500.0312
2029-01-15,493.8011
2029-01-16,496.9663
2029-01-17,508.5499
2029-01-18,527.5464
2029-01-19,533.6426
2029-01-22,539.12
2029-01-23,547.089
2029-01-24,553.7644
2029-01-25,539.1313
2029-01-26,540.0267
2029-01-29,547.745
2029-01-30,536.0444
2029-01-31,548.9826
2029-02-01,559.3539
2029-02-02,562.2983
2029-02-05,576.6491
2029-02-06,553.1477
2029-02-07,563.0639
2029-02-08,561.0899
2029-02-09,546.9075
2029-02-12,554.6825
2029-02-13,555.5597
2029-02-14,550.3908
2029-02-15,539.3259
2029-02-16,540.569
2029-02-19,554.2571
2029-02-20,544.9885
2029-02-21,547.3566
2029-02-22,552.7809
2029-02-23,568.5216
2029-02-26,557.9685
2029-02-27,553.4129
2029-02-28,559.6971
2029-03-01,565.546
